X,Y,Z,roll,pitch,yaw,lon,lat
407671.21234082244,6237393.008981157,120.03054512004788,0.029220184162722856,-0.00568741036736023,-0.04444919374022681,152.00022533580443,-34.00000481804177
407671.3070816996,6237393.036909502,119.92049987038433,-0.0024577533384612963,-0.020223533827642828,-0.01233656247042117,152.00022636451197,-34.00000457453375
407671.3088308612,6237393.159089269,120.03415817162198,0.026721161321284922,0.022428916846090555,0.04629169192516286,152.00022639635907,-34.00000347292638
407671.20540111215,6237393.093218969,120.04524741966247,-0.021309920597749926,-0.0279468142141729,0.02922710989442816,152.00022526956857,-34.000004057813015
407671.25323627004,6237393.249148212,120.00476102866558,-0.014136603695992497,-0.0030418647223514933,0.04513491814251895,152.00022580395327,-34.000002655923765
407671.2446932077,6237393.18049622,120.0898436520714,0.02806028227857201,0.035627952686320234,0.04537180959812688,152.0002257042043,-34.00000327424429
407671.30337320507,6237393.356700174,119.9415022759069,0.047375320594117976,-0.04736487551966075,-0.025743995506615804,152.00022635814787,-34.0000016904813
407671.2370459108,6237393.304930476,119.97427025071426,0.022627197050363472,0.0888125502785856,0.05115148707952815,152.0002256345544,-34.000002151480096
407671.303897445,6237393.4305189485,120.02576223629663,-0.033421621811,-0.008817676294527553,0.02230309137654358,152.00022637162314,-34.000001024863465
407671.29970672337,6237393.45275391,119.99693187365784,0.11652840699110559,0.015818715025439686,0.07704694297400601,152.00022632859958,-34.00000082398997
407671.19337734213,6237393.52397758,119.91213614079825,0.01706699805244612,0.04165565427667419,0.02748275204078817,152.00022518489965,-34.000000172370676
407671.38956463424,6237393.572462833,119.98720535240294,-0.0011489203703024089,-0.018285280120837088,-0.023300565974471308,152.00022731413645,-33.99999975241694
407671.1785502278,6237393.567354584,119.91719781133345,-0.006598445664908813,0.03380183625432377,0.041052296998481855,152.00022502894996,-33.99999977991192
407671.2895376041,6237393.604675376,119.99046556624211,0.024784297246406732,-0.0299506579906122,-0.0007077180059600721,152.00022623455018,-33.99999945313675
407671.243896184,6237393.6841569245,119.96313591771451,-0.021530410805585848,0.03739212724932791,0.0025494958805641747,152.00022574878952,-33.99999873239212
407671.1751644394,6237393.708813364,119.97926027311192,0.08824720219659242,0.07002757721404737,-0.023168263985032786,152.00022500723804,-33.99999850400335
407671.09224364377,6237393.712124097,120.02314755302086,-0.033731852864758154,0.007937787313611354,-0.013969061171641517,152.00022410980682,-33.99999846685178
407671.33038886957,6237393.789493509,119.96714535798048,-0.035502802004639004,0.019357680831954494,-0.006002112081654224,152.00022669637266,-33.999997790126145
407671.2023889185,6237393.910848965,120.00838332120007,0.03244014065211248,-0.060183285557236635,-0.027830890368270356,152.00022532334285,-33.99999668453435
407671.24496878136,6237393.877993198,119.9879594788805,0.04338567958635608,0.0466610287502542,0.013515274216705096,152.0002257808824,-33.99999698455959
407671.30026950396,6237393.940430279,119.95868257594682,0.029022785954068254,0.014207505964515369,0.05662308501628986,152.0002263862185,-33.99999642639689
407671.2454427598,6237394.046043827,120.0050014290665,-0.00021926936487899666,0.018982364670132024,0.034337324841884564,152.0002258037696,-33.999995469197536
407671.2328687842,6237394.11402391,119.90596263554073,0.04464451339791539,-0.004645450376332676,-0.046982415627942545,152.00022567481403,-33.99999485507774
407671.1564093781,6237394.131848754,119.93684479393875,-0.06694958655211315,0.012162272638019611,-0.08100325074138898,152.00022484887361,-33.99999468761314
407671.25511679606,6237394.182899101,120.05389305509641,0.02236628621117404,-0.00446521116474983,0.0013312752005020141,152.00022592296963,-33.99999423595053
407671.281886035,6237394.2008251455,120.03534574264695,0.034609900506687614,-0.02219053595370022,-0.01749225209490244,152.00022621469336,-33.999994076657295
407671.25970859843,6237394.342548081,120.03769475225438,-0.010027512444993236,0.04715640721586742,0.036827496974900176,152.00022598955272,-33.99999279671305
407671.3120381962,6237394.34627731,120.03535654644293,-0.02207181692812897,-0.024432589870063765,-0.038282673244136124,152.00022655651773,-33.999992767689484
407671.1974608696,6237394.407687014,120.0015991405712,-0.03531807195435225,-0.013334446159648506,-0.03622358563824658,152.00022532248076,-33.99999220384225
407671.27186446456,6237394.506455168,120.11103266853011,-0.019806486944492475,0.0221887484848937,-0.006455301821727753,152.00022613848162,-33.99999131974355
407671.2193349145,6237394.427991506,120.01791885515907,0.017435933274625445,-0.0331706984524716,0.040258103729607586,152.00022556145564,-33.9999920226705
407671.24149529065,6237394.526075024,119.96583290103247,0.04373085686111335,0.005108518191809187,-0.026656155150075397,152.00022581174846,-33.999991140148225
407671.2392884116,6237394.686965128,119.98784541248709,-0.014830366267097756,-0.033584489440387166,0.054016666403623355,152.00022580485356,-33.9999896891206
407671.24579929985,6237394.628379174,119.97248890146514,-0.05808011235848257,0.011008184942624327,0.03877479198542052,152.00022586915682,-33.999990217994906
407671.32431813725,6237394.6429720055,119.9212665897805,0.03388150439284909,0.0308540010446513,0.019853387097925047,152.00022672081968,-33.99999009331293
407671.1105531437,6237394.7305297265,120.00981509204965,-0.06783583905756833,0.0025501684245402573,-0.01868968275371615,152.0002244156436,-33.9999892849465
407671.2454312808,6237394.7956820745,119.98185558682037,-0.008174673871697891,0.04006788683675474,0.0518922439064994,152.00022588284875,-33.999988709301434
407671.264606277,6237394.795255349,120.05998028164693,0.01766297154027637,-0.028092827707329283,0.019827134892158715,152.00022609041076,-33.99998871483681
407671.2503832371,6237394.891781648,119.99729672079407,-0.015217948003358303,0.04344415561704686,-0.028437271242937042,152.0002259466169,-33.99998784315517
407671.23371392774,6237394.917414907,120.0360241046601,-0.030727248845011646,0.04260906241288449,0.028179580459763202,152.0002257688471,-33.99998761053928
407671.2781367691,6237395.024959215,120.00913319615773,-0.023800410786548,0.0007516028244652334,-0.05008935128027474,152.00022626117448,-33.999986644663
407671.17935303744,6237395.1016661,119.92040652984313,0.006428451079177801,0.03273953899710001,-0.06469579030311476,152.00022519975056,-33.99998594426257
407671.24256944755,6237395.155893411,119.91689507246326,-0.023803245933288374,-0.006397737894093991,0.10646772817543174,152.0002258899221,-33.9999854608284
407671.22718935146,6237395.151574358,119.99913310361399,0.0250924976010626,-0.003507191926430277,0.03333625538804096,152.00022572294594,-33.99998549842223
407671.231295373,6237395.217940546,120.0651314853207,-0.022505526560010716,-0.001590100886983422,-0.005960915304346623,152.00022577441368,-33.9999849003236
407671.198983793,6237395.254004321,119.96665514851823,-0.004257030529341037,-0.03331870104559322,-0.01756292534753958,152.00022542838752,-33.999984572273604
407671.14287824935,6237395.252028577,120.00175202877857,-0.024681318594871503,0.014299871585410743,-0.01569304113029512,152.0002248207258,-33.99998458515277
407671.27687244833,6237395.290762614,120.09053345039693,-0.03203367662565173,-0.035826444780729716,0.03819093330534597,152.00022627556928,-33.99998424765815
407671.2238421051,6237395.3410041155,119.99600962094172,-0.024784968014816826,-0.0035894161229938232,-0.021841740900750767,152.00022570671973,-33.99998378993669
407671.266280838,6237395.482067664,120.0195219746002,-0.023571029314593435,-0.015632924972057125,0.08695840984083382,152.00022618110668,-33.99998252162461
407671.24809076166,6237395.561636383,119.94847703896012,-0.00047827204131596326,0.027329405019985636,-0.018555676463317208,152.00022599257017,-33.99998180250959
407671.3089818247,6237395.526464143,120.06592976082919,0.051374172815412664,-0.02995662537458538,0.011347088552994487,152.00022664811965,-33.99998212503507
407671.24220271246,6237395.664357619,120.04440903948681,-0.043328796220594525,0.04097338464392307,0.049840520480860934,152.00022593967353,-33.99998087569828
407671.20848955767,6237395.610590435,119.96295319347922,0.06979489702203427,-0.08676507258532767,-0.007653133656163524,152.00022556898145,-33.99998135757948
407671.25050141936,6237395.626528114,119.9507753008016,0.06604642856634188,0.008997697146570246,-0.006941694050656795,152.00022602552644,-33.999981217557746
407671.2980708005,6237395.759776174,119.97937782800908,-0.009574101587649686,0.008256554251001896,0.01646694602456997,152.000226554637,-33.999980020173645
407671.2558708658,6237395.765016982,119.96906883742095,0.009420552736164768,-0.023889199156266215,-0.02482053640735574,152.00022609829338,-33.99997996920092
407671.2459659683,6237395.831953804,119.9445703804061,0.007163838524483914,-0.04820826252287606,-0.005639658260499055,152.00022599812561,-33.99997936472364
407671.25155176176,6237395.899453504,120.00003153324144,-0.007781222211905866,0.008443464518318154,0.03313450934424247,152.00022606573452,-33.999978756533736
407671.2716099512,6237395.930014589,119.99572489739433,-0.08282563469190361,0.043628206980995565,0.034784373670915435,152.00022628613286,-33.999978482712926
407671.3089057905,6237395.899019776,120.05683063757736,-0.0022230774682681616,0.04731224788364978,-0.045943840466534346,152.00022668665895,-33.999978765491946
407671.2940060027,6237396.076273447,119.93614404786659,-0.02437213321922067,0.04298520361776473,0.014952266527854802,152.00022654406723,-33.9999771657882
407671.25081222516,6237396.106495278,120.0749894386915,-0.010312426712553209,-0.042697060268658764,0.0019291350509587507,152.00022607960267,-33.99997688946057
407671.2527959361,6237396.218148602,120.00884414462473,-0.050887934097075954,0.0020957391660329536,-0.025976801705575307,152.00022611287704,-33.999975882796484
407671.1904605048,6237396.229804727,120.00235636753439,-0.017692867106508275,-0.01701647371335586,0.016034281769386982,152.00022543920485,-33.99997577220147
407671.31751128007,6237396.347059633,119.97271390275355,0.032579788765468326,-0.02784186034457644,0.01853042228127312,152.00022682716812,-33.999974726030544
407671.28978449886,6237396.292488669,120.02161756627352,-0.008345420585408058,0.0012567514191645728,0.016440991613237678,152.00022652120543,-33.99997521568665
407671.21287913504,6237396.371708767,120.04389245994562,0.019540223670141712,0.023907404978546785,0.08928496597494869,152.00022569692362,-33.999974494548496
407671.2725898585,6237396.354559173,119.925837357585,0.015546115487780477,0.023922551143872397,0.006826869258901208,152.0002263415977,-33.99997465445013
407671.2152887187,6237396.471125337,119.93854820112388,0.047065108755307984,0.071609169020035,0.020920989148350475,152.000225733516,-33.999973598267324
407671.182271988,6237396.464053485,119.99979232471856,0.04822953905911567,-0.04387636505296685,0.02846598260423691,152.00022537529776,-33.99997365913266
407671.24971711263,6237396.557383473,120.07194188825056,0.021057775122217712,0.0011238098664239234,0.0021294981651124546,152.00022611538475,-33.99997282346053
407671.2223820077,6237396.634185655,120.04221623747463,-0.0019916836651231763,-0.020562525016585648,0.030734237935834966,152.000225827543,-33.9999721284881
407671.2018511251,6237396.571183366,119.95355461408742,0.000461885230441091,-0.016815945444179903,-0.01440487739957336,152.0002255985993,-33.999972694807276
407671.23451862915,6237396.645653381,120.00597834562362,-0.027610145238355102,-0.0003105317211378829,-0.018693164577057948,152.00022596015742,-33.99997202614539
407671.22002296767,6237396.803706047,120.05006693139086,-0.018974127713633843,0.02025003956534309,-0.04640170204345369,152.00022581991254,-33.9999705996231
407671.3106194824,6237396.788072744,120.10175504208632,0.011291126481189937,0.043942424578931896,-0.008665221881409177,152.00022679914625,-33.99997074856939
407671.2498598921,6237396.824456921,120.07506285788492,-0.05511027726258562,0.04017237799448761,-0.005130385155815479,152.00022614514836,-33.99997041512678
407671.22966168297,6237396.88611819,120.09159929341114,-0.02494200160610139,0.04528323201587642,-0.010700491955950922,152.00022593297786,-33.99996985731625
407671.2297448417,6237396.927311407,119.96858382677406,0.06593558959981655,0.01862085533715375,0.0040282041333012915,152.0002259382305,-33.99996948586196
407671.23253595666,6237396.902778431,119.9483946363651,0.05047806689136624,0.05902743504219542,0.06482299834513272,152.00022596585777,-33.99996970733474
407671.2312007126,6237397.094788455,120.09550518423569,0.044493207053873114,0.014103997636616076,-0.013982922479174266,152.00022597168805,-33.99996797575859
407671.2026083404,6237397.083227694,119.94380283283499,-0.022352799298359732,-0.0012613837128018788,0.007666683300971703,152.0002256608979,-33.999968077492156
407671.277620276,6237397.172109497,120.08551619403407,-0.002628356828468101,0.02526622560397194,-0.022543162076478513,152.0002264824405,-33.99996728259761
407671.3189495619,6237397.242347322,119.88620923056021,-0.015255381126283224,-0.007177720791683189,0.03089482261024931,152.0002269373323,-33.99996665286189
407671.215247304,6237397.320967753,119.99877945155541,0.014632785313604185,0.01959583951447536,-0.021737293575069754,152.00022582285808,-33.99996593477318
407671.1813030862,6237397.363149755,119.954521108864,0.0021859292647613024,0.016706079603444533,0.03386016006047918,152.00022545980192,-33.99996555140814
407671.3114602495,6237397.309961568,119.99832466776763,0.009202533407711717,0.03505902422314545,0.025402840541854363,152.00022686338954,-33.99996604248849
407671.31268817914,6237397.360390042,120.06916592645348,0.013904654149182492,0.02668680567392168,0.000483987506540264,152.00022688201233,-33.99996558785561
407671.26008986257,6237397.54820762,120.02636237777614,0.05874484213566354,0.010511817219885495,0.015199503001224206,152.00022633237606,-33.999963889573976
407671.24256612256,6237397.485442029,120.01707537796972,0.00961848911583403,0.017968835954851343,0.027105777871806697,152.0002261360156,-33.99996445402333
407671.2467016633,6237397.533785502,119.98056159386236,0.021297826397690612,0.031191084435368187,0.025609414707011655,152.00022618589873,-33.999964018447905
407671.33983851864,6237397.645504562,120.05231393145174,-0.032980897631318576,0.08744351840548491,8.12418468659009e-05,152.00022720609203,-33.99996301921234
407671.2503315232,6237397.709727701,119.94522489198822,0.02462218896711945,-0.07511810287730904,0.010176265277053257,152.00022624378835,-33.99996243220098
407671.2326448361,6237397.759876208,120.00637286138368,0.03266328238102579,0.010214654668542331,0.05057532689923954,152.00022605759364,-33.999961978428274
407671.25582452875,6237397.7939845985,120.02419682981363,-0.045181796740275615,-0.00010714035300437413,0.008951495540082156,152.0002263121631,-33.99996167289415
407671.21973921283,6237397.824689764,120.05692578425509,0.02395325128595336,-0.014764561991808575,-0.0332586984298695,152.0002259247128,-33.999961392833576
407671.24796709185,6237397.7926492,119.93034817297638,-0.03315651699978183,0.050504171704270094,0.02631952487735479,152.00022622694982,-33.99996168424473
407671.22128312435,6237397.9174491055,120.07371998526035,-0.0037609102886960438,-0.002605986599006333,0.017871547323871247,152.0002259512292,-33.999960556508086
407671.3057744843,6237397.994760662,120.05344161414767,0.022616078114816675,0.005814266346381332,-0.055976862072265585,152.00022687418263,-33.999959866782866
407671.2252738015,6237398.046224981,119.95467711865345,0.010985633947280332,-0.014509428351433458,0.02279292205396561,152.00022600804198,-33.99995939561726
407671.31319957954,6237398.020614448,119.94338643981078,0.0019058120029268413,-0.0254583831777599,-0.023733022619586243,152.00022695730547,-33.99995963429864
407671.32690942305,6237398.112128615,119.9461330287853,-0.02770288253039689,-0.04520083199285465,0.006784065543972205,152.00022711541044,-33.99995881027215
407671.2451991675,6237398.180840791,119.98844438455387,0.031128379678621917,-0.029548163480725878,-0.024794556409137584,152.00022623799612,-33.99995818346681
407671.149089719,6237398.110805385,120.05064995204316,-0.02103942447143166,-0.039928317686235774,0.011314048201939476,152.0002251900228,-33.99995880655664
407671.2443776304,6237398.280179085,120.0885696327785,-0.03458678416086358,-0.02324819837255866,0.0020675038722082193,152.00022623959697,-33.99995728760717
407671.283153506,6237398.272047431,119.93069329484786,0.00024251057170290705,0.03242842297444269,0.0013026752800544975,152.0002266585629,-33.999957364346905
407671.2078358046,6237398.290407975,119.94782062342745,-0.01158517062408639,0.05600120635391081,-0.05867107793923994,152.00022584504063,-33.9999571921521
407671.3065037179,6237398.445195539,119.96835344486043,-0.012716154123941824,-0.011283902540869245,0.019585478702917172,152.00022692966886,-33.99995580503117
407671.27645677596,6237398.428655874,119.92304940109105,0.023933475271311733,0.024828305946513685,-0.010765951259422412,152.00022660260413,-33.99995595153425
407671.1215416002,6237398.505901307,120.03543020875213,0.044939584087514424,0.015689743789069018,-0.05962447371881993,152.00022493350434,-33.999955241338
407671.2978952779,6237398.453643861,119.99984480184001,0.02868860486074665,0.013556793536934663,-0.022721321683487106,152.00022683735818,-33.999955728090534
407671.18916104967,6237398.612582786,120.02594046213513,-0.008934645720329442,0.012652291154910436,-0.03458709046693624,152.00022567688922,-33.99995428528356
407671.22406958375,6237398.619829102,119.98709438048235,-0.0089216784413005,0.010306862678608232,0.032749733857674546,152.00022605560832,-33.999954223011464
407671.3072748912,6237398.6573632,120.03959928557366,-0.03037995673565021,0.03932927151182942,0.017681126103807836,152.00022696043493,-33.99995389186804
407671.2491010792,6237398.802127827,119.98962931629023,0.02917933859381177,0.008169344798609014,-0.0005759817594690435,152.00022634588427,-33.99995258132759
407671.2847718893,6237398.861815059,120.0008258219529,0.03155078480089543,-0.0826134508489193,-0.0385654019303156,152.00022673839715,-33.99995204623438
407671.2981633861,6237398.7833472565,120.04924775181642,0.01367227191814584,-0.04244299109550175,-0.007352794199556588,152.00022687509588,-33.99995275499958
407671.2892717598,6237398.827772188,119.91875104902789,0.033447240466309806,-0.014125248523689583,-0.04387944662998969,152.00022678352028,-33.99995235361341
407671.17717118893,6237398.904260534,120.05472166009189,0.013611204822535864,-0.0056487355680714,0.0161687254192003,152.00022557789276,-33.99995165401183
407671.2033045563,6237398.995609242,119.92023948857539,-0.05381245560077648,-0.05041105402684337,0.05183604863179541,152.0002258704893,-33.99995083257061
407671.3600430669,6237399.051649895,120.01315316565804,0.008286929366190597,-0.05947338881240052,-0.01580937519969733,152.0002275734126,-33.99995034101429
407671.2062082387,6237399.040849943,120.06498677001616,-0.047661267777686804,-0.01295858051510893,-0.01310424014501818,152.00022590670727,-33.99995042486617
407671.3309215091,6237399.175026946,119.94709377641011,-0.001981290383163451,0.02228178448902205,-0.04466643237690038,152.00022727114992,-33.99994922589378
407671.26499257743,6237399.1762560345,119.96886927130147,-0.019311773949082456,-0.06300647532276743,-0.009142799878934047,152.0002265574696,-33.99994920900881
407671.18041391746,6237399.209622421,120.01341750587005,0.05842210942016382,0.02571926974324198,0.00793744855666715,152.00022564526478,-33.999948900683236
407671.30724495254,6237399.297865533,119.96565807409466,0.019970460835844736,0.007700407055916152,0.008951165740721618,152.00022702778324,-33.99994811610805
407671.2906996207,6237399.319152984,119.98639395253986,0.040320420783688915,0.0492885233726447,-0.06364432089309108,152.00022685089667,-33.99994792269159
407671.30793345755,6237399.451942882,120.05962912279118,-0.025353061664621066,-0.03393146538346646,0.025994829627015797,152.00022705151673,-33.999946726769515
407671.2856209855,6237399.390733672,119.97551743121181,0.0017256941427338285,0.04877212227748347,-0.03830952861366111,152.0002268034733,-33.99994727676275
407671.2564334942,6237399.48008601,119.97305839933895,0.04568252391062572,-0.005975451341695264,-0.031750226844579114,152.00022649690194,-33.99994646845576
407671.2437535176,6237399.567639008,119.91713504318109,-0.07291548745640924,0.007321356723273779,-0.028826120926222564,152.00022636886672,-33.999945677827014
407671.26852620236,6237399.603337189,119.99216626974645,0.01633564922409607,0.017970718877471543,-0.038843126269289104,152.0002266408514,-33.99994535809709
407671.27676394075,6237399.664569673,119.96813202501183,0.010690355536927404,-0.06709414456286036,-0.007597991741902536,152.00022673651063,-33.99994480665543
407671.3302025078,6237399.742209828,120.00611519115779,-0.013816661663806771,0.06043025962995866,0.0035813763498040775,152.00022732329114,-33.99994411123447
407671.19078504975,6237399.770859926,119.9384523043517,0.035264952884959115,-0.009439603061736286,-0.015416338100838211,152.00022581685042,-33.99994384061253
407671.2249308175,6237399.898248844,120.0302085465608,0.026397570222314135,0.016852718677774076,0.05550485537103828,152.0002262000047,-33.99994269488224
407671.2205795727,6237399.775618268,120.03909044129841,0.006042507669849739,0.049782921202470576,-0.03182172670222703,152.0002261399374,-33.99994380032584
407671.28900878417,6237399.927198936,119.99677701528135,0.031286091011975777,0.006583284799215163,-0.005683703420615366,152.00022689683325,-33.999942439462274
407671.2437118098,6237399.950190344,120.013793805095,-0.07618292138927496,-0.05514342960097473,0.0012144813768025537,152.00022640883373,-33.99994222815023
407671.17925148766,6237399.962362376,119.98650438980552,0.01277053975573708,-0.05891257471756288,-0.024045525178674518,152.0002257122102,-33.99994211271602
407671.3826823303,6237400.040913349,120.02485764275046,-0.056239333321181674,-0.046033798376762684,0.03290879352516649,152.00022792304782,-33.99994142228074
407671.257331404,6237400.141584613,120.0097414643615,0.021975211298842702,0.010189045665323457,0.02691347862682349,152.0002265765144,-33.99994050344265
407671.21874405676,6237400.092318766,120.00040684812842,0.048838075583323426,-0.03941006391912074,0.017603961824922097,152.0002261535254,-33.999940944303944
407671.2328796218,6237400.252448926,119.91378415953389,-0.05036184389567706,0.019466330852223226,0.06659552185025684,152.00022632348924,-33.99993950156724
407671.2374154861,6237400.302320518,119.9456672694166,-0.006873834284081159,-0.03269701064119464,0.05612785500223364,152.00022637786807,-33.99993905224717
407671.29981134424,6237400.322554307,119.95500965087518,-0.035584325274320955,0.05560842151653281,0.02698921202798232,152.00022705556356,-33.99993887527881
407671.322697743,6237400.312212826,120.01625850309375,-0.051045783397481705,-0.0033848203121419787,-0.03064453095790954,152.0002273022611,-33.99993897054751
407671.2542711979,6237400.42794485,119.97392711976438,-0.09208639099719962,-0.02565488971203404,0.026117884437004208,152.00022657363712,-33.99993792090761
407671.2264882133,6237400.469822035,120.03875893168089,0.0197976634608836,0.0018990222916609617,-0.0025325289397846455,152.00022627725633,-33.99993754083345
407671.2432867057,6237400.446954174,120.00270286804344,0.0678694272603438,0.02869873700370908,0.03698379798105376,152.0002264567169,-33.99993774852361
407671.2721255555,6237400.592731694,119.97801676324838,0.019495121437692917,-0.07747891313432483,-0.08201463808913033,152.00022678435616,-33.99993643650631
407671.1850167901,6237400.637422289,120.04243206829022,-0.04702082809303193,0.05306025021156961,-0.04378466047650845,152.00022584595465,-33.99993602584155
407671.3035756712,6237400.608766182,120.03435418113125,0.0021153133755710003,0.030498186101478638,0.017779773436746298,152.00022712655954,-33.999936294682165
407671.23696289305,6237400.741904266,119.97886096800035,0.015612432932296826,-0.02975385110597052,0.055867324907362424,152.0002264194122,-33.999935088241976
407671.1994064068,6237400.728246111,119.96449915057127,-0.006947473345011866,0.06668931838542431,-0.005961450253568419,152.00022601134648,-33.99993520810008
407671.2649275977,6237400.784117907,120.02220022697769,0.034270814408046024,-0.05031800756475719,-0.023319954015307003,152.0002267266451,-33.999934710039476
407671.31688886293,6237400.849529652,119.97719491709518,-0.016500243546975952,-0.029069604602466156,-0.016039373320898175,152.00022729613886,-33.999934124758745
407671.1886083438,6237400.969493832,120.04712953487217,0.040248489339318835,0.01792746264459015,0.01603121214531883,152.00022591992538,-33.99993303168816
407671.29337363655,6237400.886928067,119.91765895460838,0.01765773421933078,0.03929091488816735,0.02675659729165903,152.00022704549176,-33.99993378544764
407671.248780985,6237400.9748769505,119.99321441768143,-0.05675940903854335,-0.003745367088676554,-0.046571605290718486,152.00022657198105,-33.99993298844073
407671.23578415066,6237401.0304052355,119.99607486645277,0.00528437319017542,-0.02281495145946114,-0.04317062058485655,152.00022643713166,-33.99993248656833
407671.27208985155,6237401.212389176,119.90704955943707,-0.0386531426917267,-0.08226715908990294,0.008122066891080141,152.00022684943966,-33.99993084871515
407671.2882956088,6237401.1345997965,119.9686250345732,-0.005614009642171375,0.031077966975009447,-0.006982520047565004,152.00022701667993,-33.9999315516103
407671.2321435965,6237401.199356159,119.95162920747337,0.000473787304830015,-0.027459566038778787,-0.0031294852762690103,152.00022641556606,-33.999930962725756
407671.3196910877,6237401.253552986,120.05610388447722,-0.034066578508790676,-0.058309993264665454,-0.03243769583324193,152.0002273691656,-33.99993048170754
407671.28678095597,6237401.353814389,119.92110376808242,-0.0862344943275547,-0.058550638575836464,0.02958364256910915,152.00022702344197,-33.99992957469999
407671.2892088699,6237401.383784376,120.07143013339494,-0.001054005187027171,-0.03162164459454694,-0.034612296131472646,152.0002270528954,-33.999929304658004
407671.2716495417,6237401.442469418,120.06146925632436,-0.04238488414360321,0.011531140480268499,-0.036556036588355295,152.0002268689816,-33.999928773917915
407671.3193365595,6237401.4693693,120.01852108035608,0.02406057763688325,-0.03715150879444598,0.013249316775860337,152.00022738812925,-33.99992853554344
407671.2778098815,6237401.509775403,119.93670995680323,0.08926668102747484,0.048675087085880746,0.001286035519934672,152.0002269427906,-33.9999281675254
407671.25221022894,6237401.583841235,119.99382340907155,0.013020785805009255,0.03131337155048695,-0.007516474906924122,152.00022667344956,-33.99992749738085
407671.3403435928,6237401.662138107,120.04489020587931,-0.04579213880667657,-0.06068532628801476,-0.00028443593190723984,152.0002276359386,-33.999926799091
407671.2901867698,6237401.706208448,120.00749138258436,0.019217556552211062,-0.02432717976989495,-0.0573313440550829,152.00022709754884,-33.9999263972711
407671.3289245263,6237401.778510104,120.00681058163104,-0.07331900074281808,-0.0341770901358719,0.06265607092629744,152.0002275246001,-33.99992574869665
407671.2097334111,6237401.694585959,120.01988189437873,0.005467707357063871,-0.03685708724451922,0.023788370979420055,152.00022622525546,-33.999926494997666
407671.3010617819,6237401.8028632,119.96996696505232,0.034814441413409204,0.0546144883399206,-0.02027066123882779,152.00022722550426,-33.999925526639686
407671.32193003065,6237401.750089891,119.98639027180934,0.01433311287863117,0.0040290606364537995,-0.011951055080410323,152.0002274458682,-33.99992600436164
407671.2483373494,6237401.88098271,120.04525062552955,-0.013172831453301805,-0.02479875346226657,-0.012788159510436168,152.00022666291258,-33.999924817554
407671.24617582903,6237402.019385913,119.95901560298549,-0.004744981864502817,0.011532279950195231,0.03874772160037895,152.00022665413292,-33.99992356930695
407671.2156229196,6237401.995554538,120.07910524352121,0.04605143963366618,0.021058828866333312,-0.018129235329864796,152.00022632081985,-33.99992378151881
407671.26381423086,6237402.079795833,119.95974111038807,0.007109331551877033,0.047118155749288425,0.01642439938652452,152.00022685148582,-33.99992302611005
407671.3144286886,6237402.0849364,120.05683014416589,0.010541827197913752,0.011202216675003417,-0.00845283131345176,152.0002274000297,-33.999922984208716
407671.25050041627,6237402.17152582,120.04174940375749,-0.05366054617463522,-0.03756884440263479,-0.01235149074904855,152.00022671702942,-33.999922197759346
407671.28792710276,6237402.277701311,120.0471479393651,0.07705304280165179,-0.015055659297214285,-0.01299674942383262,152.00022713346468,-33.999921243610764
407671.28697052697,6237402.181806063,120.04366043725742,0.016492933912092382,-0.010233095007296092,-0.00916241159393688,152.00022711297603,-33.99992210826609
407671.0837713022,6237402.398872245,119.9932556568827,0.01826058695778911,-0.040407862909819445,0.04189056370277352,152.00022493588017,-33.999920132981345
407671.1924121976,6237402.385718979,119.99575218415744,0.021516764234004407,0.03183543500106218,-0.03241602917760329,152.00022611074118,-33.99992026115167
407671.3151678792,6237402.363628054,120.02696601817973,0.02877544873187607,-0.08119738128281546,0.047001393154042885,152.0002274374781,-33.99992047115978
407671.30067334673,6237402.389339219,120.01646163705348,-0.011136159243984919,0.0022584688369604805,0.013347116989640714,152.0002272832629,-33.999920238032765
407671.2773537046,6237402.537869104,120.03671760502023,0.0612777567931017,0.022238067800899035,-0.01665032454453443,152.00022704647498,-33.99991889660604
407671.19052417175,6237402.605053006,119.99647449984766,0.03628664864886512,-4.896301471904936e-05,0.03062338169314724,152.0002261134734,-33.9999182831315
407671.18474544527,6237402.722788889,120.08511205511607,-0.0317007960532501,-0.03437082258477637,0.016603868927205733,152.00022606334673,-33.999917220934584
407671.35591338837,6237402.700181921,119.99205377091027,0.04974620428027325,-0.04753198069118871,0.022672105836450667,152.00022791418672,-33.99991743985631
407671.2517054988,6237402.728130587,119.9706055386593,-0.009431890050635388,-0.006716137398387923,-0.02839875977883552,152.000226788885,-33.999917178657924
407671.26679273794,6237402.752761425,119.98069426972016,-0.051712183122423296,-0.03325380691919428,0.015536724588548857,152.00022695483628,-33.999916957875946
407671.196642334,6237402.789106907,120.10024271465329,-0.06511891134520102,-0.006328170958601476,0.029849369780265384,152.00022619916072,-33.999916623955905
407671.25330596167,6237402.809842089,120.02463031785074,-0.018991957680353968,-0.034657195792824516,-0.05253002646667588,152.00022681484634,-33.999916441961794
407671.3046117476,6237402.859882821,119.88089969903496,0.029166843961324608,0.020705172490100506,0.016874693718741028,152.00022737561912,-33.999915995232136
407671.2854066574,6237403.009205818,120.06492809953703,-0.009590550623523712,0.0008929664824758175,0.009062562577702061,152.00022718346312,-33.99991464701557
407671.23645636614,6237403.01734919,120.00487042988989,0.007065276429740336,0.009114166620361498,-0.034423715366727545,152.00022665434065,-33.99991456927484
407671.28607744555,6237403.099334631,119.97593525879479,-0.004847752431308098,0.007614375004052432,0.038923007338099856,152.00022720024828,-33.999913834334144
407671.3622358758,6237403.089331462,119.93805186694145,-0.005716646135906989,0.0016999272832892423,-0.06173215755867163,152.00022802375562,-33.99991393123993
407671.2523304271,6237403.186287676,119.96019552250277,0.018903233340399686,0.023606516778432337,0.05791210602311194,152.00022684405766,-33.99991304726166
407671.2484469985,6237403.152612407,120.09190096276286,-0.015999716968132224,-0.02220192010362519,0.06447730473705833,152.00022679845398,-33.99991335058811
407671.2662631752,6237403.261909393,120.03563328433103,0.02671573244838859,-0.024222675776053117,0.00273347930326156,152.00022700289682,-33.99991236656562
407671.2683446748,6237403.304231506,119.90597937882922,0.007808052657298475,-0.003729503097138297,-0.018188243599548615,152.00022702990466,-33.9999119851073
407671.28170837846,6237403.3599884985,119.98433375410877,-0.0030607029135839943,-0.05753993190322111,-0.052433310609722304,152.00022718048396,-33.999911483492205
407671.2356479377,6237403.445598482,120.1089773917711,-0.03425478536350205,-0.040647364464300624,0.023477612560734645,152.00022669083455,-33.99991070744726
407671.27802006225,6237403.52233823,120.02810814456922,-0.048863123332182894,0.01758974849924776,-0.02849419913641337,152.00022715770376,-33.999910019171935
407671.2391201171,6237403.4748103665,119.97166814086557,-0.016060068546704734,-0.08273906439316848,-0.035601831718256476,152.00022673151412,-33.99991044433338
407671.28996181546,6237403.505413672,120.03469019904867,-0.023265769103117763,-0.012255125176713327,0.06327489082527514,152.0002272852085,-33.999910172840714
407671.25760486565,6237403.641615095,119.96428636785238,0.006869411614766358,-0.023960081598688076,0.0032743287562890877,152.0002269492715,-33.99990894179118
407671.20541580894,6237403.569308535,120.02925023757783,-0.01144582039631401,0.05045322107072062,0.006840388456648877,152.00022637658313,-33.99990958922617
407671.2310107159,6237403.620044276,120.03072469917299,0.0018561502822681238,-0.007491182353421559,-0.01137086252475562,152.00022665905865,-33.99990913396674
407671.29917211557,6237403.70174177,120.05394350711465,0.0015702486687212184,-0.021797079332873445,0.06269892515263256,152.0002274056711,-33.99990840325412
407671.2152801965,6237403.65788483,120.04079521974722,0.021110165298642895,-0.05525650264645127,0.009537924190679377,152.000226492743,-33.99990879135367
407671.30322617304,6237403.844474942,120.0015849063185,0.014004855654270789,0.019289074437173995,0.022895465310349715,152.0002274646447,-33.99990711650834
407671.12372216536,6237403.949519986,119.95836294223605,0.028755644013826482,0.055425080955159745,0.0050671574620819925,152.0002255322607,-33.99990615346416
407671.3193589835,6237403.935016506,120.09099366684774,-0.02198327089648329,-0.014638980607077572,-0.020543123742020643,152.00022764888013,-33.99990630146554
407671.2920293125,6237403.999152973,120.05459343034062,-0.05122626695792258,0.033515702082494464,-0.046525341085507696,152.00022735975924,-33.99990572070724
407671.2259912767,6237403.963761989,119.9422458426344,-0.030440963642479894,0.004898052018749357,-0.005238754515805436,152.00022664102892,-33.99990603403575
407671.16978388675,6237404.085604994,120.03098792582466,-0.05808257408606497,-0.009955767323022006,0.011254314375899913,152.00022604534718,-33.99990493036508
407671.2314650628,6237404.210676071,120.11335253145864,-0.022169954579926158,0.019705929686928858,0.021682827933833804,152.0002267263811,-33.999903807959065
407671.20755948866,6237404.1781094195,119.94322810424602,-0.027776599329621888,0.005881160366580203,0.03261359912469846,152.0002264641156,-33.99990409952661
407671.2549358,6237404.227019625,120.04142338574434,0.009104499519180433,0.022211583632824255,0.004611604494344162,152.00022698222458,-33.99990366264574
407671.2701051179,6237404.343755123,120.00082693956506,-0.0889012672929125,0.013085087436498229,0.054790191085067386,152.00022715879584,-33.999902611313225
407671.2879435381,6237404.28622111,120.0263067879005,0.0009111186052107574,-0.013388348049799489,0.022765820889472776,152.00022734585292,-33.9999031316984
407671.3093990937,6237404.355330899,120.03205499097788,0.05480109282876069,-0.008051226026404358,-0.044883393605673394,152.00022758545313,-33.99990251038595
407671.1761573741,6237404.426362677,120.00357543047129,-0.018604917828302328,-0.018092390924801225,0.004114836378221565,152.00022615035545,-33.99990185812886
407671.3053247027,6237404.431325049,120.0047779877163,0.017329200083230693,-0.007415210003179633,-0.015337866165420502,152.00022754936904,-33.999901824746885
407671.2370731844,6237404.513675916,120.03070024498534,-0.03946326887611535,0.05872741178249783,-0.03540929028516991,152.00022681911346,-33.99990107613842
407671.28575620474,6237404.6388189085,120.07910448948098,-0.030989762497136503,0.027426545288592424,0.01922836438967018,152.00022735942449,-33.999899951940094
407671.2896646319,6237404.626718928,120.0072312877549,0.039011674880277035,-0.06566261681848819,0.04363160161202803,152.00022740046245,-33.99990006139612
407671.26815467805,6237404.754641786,120.03422137432739,0.0063458281938775125,0.05652867595095248,-0.0067844066244427525,152.00022718109076,-33.99989890595341
407671.21657112584,6237404.746160021,119.99689070561763,-0.0020008409684768957,-0.029177181345280724,-0.006056985120417272,152.00022662170167,-33.99989897789885
407671.254224986,6237404.821403559,119.96211585504074,-0.012793215961250172,0.0417226309987079,-0.0035569831190966007,152.0002270373283,-33.99989830270046
407671.30375776876,6237404.740890026,120.0243142968419,-0.02436630204804337,-0.013493319666205223,0.026198985600656588,152.000227565111,-33.999899033093484
407671.3224510206,6237404.856720607,120.00053231993891,-0.04364934476970176,0.01582842782813765,0.04402591901851975,152.00022777974013,-33.9998979902312
407671.2363595264,6237404.981162426,120.0914586489506,-0.013662931095390522,0.011718967679735858,0.0063502201726670674,152.00022686077904,-33.999896860495866
407671.25591489335,6237405.0114835035,119.93718811009404,-0.0027744590426681407,0.02653539643365615,0.04908440087489311,152.00022707570776,-33.999896588795075
407671.205562518,6237405.100138769,119.98419438984891,0.0859046495606602,-0.03925381421945126,0.003878880722263547,152.00022653991158,-33.9998957849115
407671.20521537995,6237405.120726534,120.0124559117282,-0.013170102539651986,-0.01667318707841735,-0.024374210945659572,152.00022653832835,-33.99989559922989
407671.22559775395,6237405.232044326,120.00061075195798,-0.010448081861613072,0.013625434191061587,0.032906166821366205,152.00022677076873,-33.99989459721051
407671.330078243,6237405.216170941,119.95477438778565,0.04479359498383955,0.01734946841032593,-0.00851613917341269,152.00022790029743,-33.9998947495435
407671.19564571074,6237405.2936987495,119.95837185470714,0.0180154851573764,-0.05435902755438608,-0.03685866140729051,152.00022645299333,-33.99989403860337
407671.1972393096,6237405.325436045,119.99598397084958,0.023644710550188974,-0.062250448576739864,-0.02550492867578952,152.00022647360038,-33.999893752551166
407671.2191167737,6237405.36728892,119.95998122346055,-0.013808567644293222,0.03674943665895781,0.0010920303594553493,152.0002267148887,-33.99989337706624
407671.25908266817,6237405.400802736,119.93698960347238,-0.07234404457266475,0.060734013554196296,-0.03439042584298202,152.00022715113866,-33.999893078370874
407671.2140582711,6237405.4906990435,119.91153952789215,-0.000982597441815285,0.006939108585451445,0.09115483866673074,152.00022667315943,-33.999892263765
407671.2588997035,6237405.583255208,120.05187700060104,0.004954239826525307,0.01525216701419289,-0.024588015734460605,152.00022716843472,-33.99989143308174
407671.27692726447,6237405.536286528,120.09759586441824,0.06143792625872813,-0.003799619177423725,-0.018583059240263742,152.00022735865585,-33.999891858210226
407671.323742989,6237405.647536419,120.02144449388102,-0.016762055375766558,-0.010287289117511767,-0.0049736312066182295,152.00022787728182,-33.999890859129216
407671.2469053066,6237405.5506596975,119.98509646985424,-0.003663208647076456,0.012488933580885837,-0.020418857350696373,152.00022703512803,-33.99989172595768
407671.279484263,6237405.731807279,120.00331865353226,0.004844759075748097,0.03748866638475304,-0.011738593472921905,152.0002274069981,-33.999890095318435
407671.2747250723,6237405.734298756,119.98679038234205,0.027079505577622516,0.009249491084197392,0.026233365196796463,152.0002273557338,-33.999890072432635
407671.2687169348,6237405.75148466,120.06022944544712,-0.01142998448387527,0.06128679267956382,0.025265885315067876,152.00022729249972,-33.999889916929305
407671.2784072137,6237405.848683502,120.04109807560909,-0.05644139132295113,0.03295820421633972,-0.04366328848461102,152.00022740768551,-33.99988904128729
407671.2223392493,6237405.907288508,119.98333160720911,-0.08244495943840771,-0.012576214673905793,0.010050055901654939,152.00022680683202,-33.999888507880264
407671.3160763975,6237406.009108195,120.03564907439744,0.027643180646854153,0.061634274536421306,-0.00434947708976609,152.00022783247778,-33.999887597965504
407671.25628959166,6237405.90199248,120.02450679283989,0.012898603276348218,-0.038349708580534256,0.0008843495896024823,152.00022717385133,-33.999888558624974
407671.2993957655,6237405.999252665,120.03851503415632,0.004682159537383507,-0.044180900356668405,-0.0020179529243022484,152.00022765083602,-33.99988768537031
407671.24441035197,6237406.1326944,119.99356080535227,-0.011210942668259364,0.0023330769106011096,-0.03491909081524547,152.00022706961013,-33.999886477215114
407671.2389595413,6237406.1488025235,119.98108642608727,-0.046802526443823315,-0.0071867904081397245,-0.02826031846661243,152.00022701229634,-33.999886331479765
407671.1537707022,6237406.151015571,119.99122260590384,-0.031033720213346532,0.053893235356100425,0.025748661220445508,152.0002260901943,-33.99988630402708
407671.2570719138,6237406.320505456,120.03896339175958,0.06371593946495557,-0.016590380130798856,-0.008226121958405835,152.00022722653947,-33.999884784735016
407671.3188088975,6237406.2793966,119.98103988239262,-0.029515967536281367,0.015365044613518022,0.017129861175222874,152.00022789061973,-33.99988516086862
407671.2173963904,6237406.437222118,120.01678840261725,-0.004970598967696643,-0.021632248742264593,0.013675496922797181,152.000226809306,-33.99988372874613
407671.1996487952,6237406.313063568,119.95426376166839,-0.023379977974761344,-0.034145361403870866,0.024807443836178954,152.00022660403562,-33.99988484678945
407671.2409023751,6237406.408909525,119.99952534283489,0.024935537550084583,-0.04747082937204583,-0.028629244092921263,152.0002270608129,-33.99988398612463
407671.31811848073,6237406.503461297,120.03034120970922,0.03525286642569478,0.08148834539223886,-0.07061278708597117,152.00022790681817,-33.9998831402948
407671.2543394806,6237406.541662364,119.88581477068949,0.011224463684703345,-0.0566677871694112,0.018184263343466876,152.00022722032188,-33.99988279020261
407671.3136006351,6237406.577259865,119.93505955142155,-0.027947596803182883,-0.019622594199639975,-0.016620046199824986,152.00022786570082,-33.99988247441547
407671.2443074057,6237406.654848369,120.03252535436604,0.0035380765030569275,0.013848784255980448,-0.00987638862381063,152.0002271236637,-33.999881768660146
407671.3968785063,6237406.760142151,120.07015814046143,-0.028436889535356835,-0.057035794898773834,0.06549695732528013,152.00022878666906,-33.99988083259482
407671.18805556925,6237406.786658734,119.94726570405756,0.019340295066303616,0.03516258041626012,-0.028572568533966152,152.00022652855398,-33.999880575104434
407671.19866332033,6237406.773480209,120.05759012241367,-0.0054016289472467545,-0.038366805357097016,0.0533332317808105,152.00022664201126,-33.99988069487583
407671.26404207357,6237406.877417249,119.98277599441542,0.010373748538544626,-0.007872756886697163,0.042859879495840844,152.00022736084557,-33.99987976337226
407671.26472451305,6237406.947258366,119.99449287550127,-0.029899781562393216,-0.07274105044331824,0.039784620747177896,152.00022737561338,-33.999879133637045
407671.2631592129,6237406.938160879,119.99849416873336,0.00028395568744326444,0.014102571806328984,-0.026395767256778738,152.00022735770474,-33.99987921553628
407671.24752238946,6237406.9514973955,120.07697151216128,0.010043683423492327,0.004983675647307497,-0.0037969452984928723,152.00022718981464,-33.99987909389766
407671.3373136621,6237407.081636456,120.03528260079946,-0.05076977953714002,1.4472823339892583e-07,0.051743360905009896,152.00022817573054,-33.9998779282645
407671.1845478393,6237407.082617006,120.06539513177039,0.03657319419224743,-0.014940715503075469,-0.003109836349077017,152.00022652184543,-33.9998779059793
407671.18447906704,6237407.124797973,120.03576858708496,-0.07467953460700184,-0.009882912863064818,0.02081487304997695,152.00022652555745,-33.99987752560455
407671.2475164096,6237407.220828849,120.03926342039838,-0.047879828907469266,-0.02684961659141707,0.00739599459276152,152.00022721820608,-33.99987666518914
407671.27411213703,6237407.3244974585,120.01874371001273,0.009986493833904394,-0.03837225510406448,-0.035286166891038084,152.00022751710992,-33.999875732693354
407671.2425345755,6237407.1753167305,119.95509801467293,0.027080200467744477,0.04296857167968394,-0.018089854411963202,152.0002271594594,-33.999877075158246
407671.224716333,6237407.281731916,120.06460406961206,0.04196877526578887,-0.04813038540819687,-0.01781365497932049,152.00022697778536,-33.99987611398675
407671.2375884086,6237407.375067026,119.93967658020202,0.022613635115120306,-0.08109066972407963,0.006496521800710998,152.0002271270121,-33.999875273466074
407671.2168394839,6237407.557170247,120.013045638395,-0.0037416059155991905,0.018235373412394566,-0.02622821447588787,152.0002269216045,-33.99987362951658
407671.1422061212,6237407.550053466,119.98649155083399,-0.015780489821933245,-0.03212579296594694,0.009526294538968166,152.00022611280056,-33.99987368712489
407671.25055274874,6237407.546906524,119.96422099740481,-0.0043486013250575595,-0.03870038253714938,-0.025806829350744808,152.0002272855321,-33.999873725036835
407671.18080399407,6237407.625055722,120.0284556443283,-0.0324188904399222,0.06766013631652118,0.037523498898946024,152.00022653862234,-33.99987301418533
407671.30770968384,6237407.61374918,119.9562782832797,-0.018504441136780275,-0.03733115955570459,0.014255000395801048,152.0002279114299,-33.99987312730999
407671.34032942634,6237407.713213182,119.97646068082345,-0.007752806923791368,0.010822823216143323,-0.04377863832142172,152.0002282751112,-33.999872233259524
407671.25368846185,6237407.841348303,119.95715896278439,-0.05220742585129573,0.05874783350715006,-0.030645374160259323,152.00022735059153,-33.99987107017134
407671.2875799506,6237407.689119896,120.01147129653327,0.0024997162571142387,0.029115018615024985,-0.02470290298650401,152.00022770144946,-33.99987244587992
407671.2595848732,6237407.864920365,120.07781397709799,-0.004111468555331314,0.006121508340256484,-0.0010195367837312693,152.0002274169222,-33.999870858128126
407671.33142040554,6237407.893078154,120.01242932787778,0.009181391996647291,0.0399527805756822,-0.042274826739997676,152.00022819765724,-33.999870610535396
407671.33840149856,6237407.97059033,120.02498466395126,-0.017457400045977838,-0.034339232233558406,0.0021904625181351813,152.00022828143076,-33.99986991218033
407671.3436689671,6237408.034722861,119.86894166951794,0.02585608995248239,-0.013839395640074416,0.06430956521847257,152.00022834523733,-33.99986933432599
407671.2028856785,6237408.049852899,119.95090863601311,-0.024063979408604688,0.010019646470769505,-0.03573822962263833,152.00022682258165,-33.99986918550161
407671.2254843531,6237408.065689541,119.97466110681697,-0.05978488754980815,-0.03764528816168458,-0.01446498386812414,152.0002270689297,-33.99986904468265
407671.2569800316,6237408.069621065,119.98918775460795,-0.00754495218912019,0.011648832405744335,-0.06814672025713572,152.00022741034735,-33.99986901200151
407671.20460198226,6237408.204742955,120.10560526224688,0.0025867743702231143,0.027659749756196627,-0.0364404170320375,152.0002268575289,-33.999867788924874
407671.2451456363,6237408.295394199,120.01551546270585,-0.007749266879939084,0.024622990052926723,-0.029077307975015187,152.00022730607094,-33.99986697504113
407671.1935182489,6237408.34820422,120.06244758301617,-0.048180979375647595,-0.030984328359701097,0.004576411453452123,152.0002267526832,-33.99986649428139
407671.29690446384,6237408.333964503,119.97509294142111,0.05001777386576593,0.03930737908529902,-0.001226766741165932,152.00022787053652,-33.99986663178641
407671.2249407111,6237408.411615746,119.93927959071856,0.011113983280158423,-0.00942974002751299,-0.01523821747966081,152.0002270995925,-33.999865925230324
407671.2504837289,6237408.506631552,120.00252485338738,-0.02730761278928961,-0.03567470647842148,0.0665248923862068,152.00022738618446,-33.999865070668925
407671.1957136836,6237408.444573386,119.98146865690939,0.025748951519156762,-0.04641118431704582,0.073367143260605,152.00022678663498,-33.999865625461474
407671.22799820453,6237408.514724269,119.98173715821667,0.0041413674885831695,0.03626432293454253,0.0234628703566627,152.00022714358977,-33.99986499571383
407671.22692881426,6237408.530502134,119.9774417169428,-0.01715949965055002,-0.021449967697489934,0.01983198968245332,152.00022713367852,-33.99986485334214
407671.2116727969,6237408.714769797,119.90924805459582,-0.003880449664507085,-0.005227862631655751,-0.09845580750801552,152.00022698797113,-33.99986319035805
407671.17321663594,6237408.641973187,120.02956012527314,0.046747350951007904,-0.0363821127324454,0.006144163154245321,152.00022656391673,-33.999863843420556
407671.1927924387,6237408.762344276,119.98975287646186,0.0700616508184587,-0.00043472645376462356,-0.009724750448480025,152.00022678858085,-33.9998627596917
407671.27197124774,6237408.824309371,120.06588653273967,0.019966104806690612,-0.020688745978175233,-0.00044457822824664126,152.00022765239302,-33.99986220788634
407671.25515755446,6237409.01070814,119.99703525749338,-0.020614548969888694,0.013798889594868096,-0.043139697637728854,152.0002274900459,-33.99986052554783
407671.2560299877,6237408.778315781,120.02497836171736,-0.03997393395009447,-0.10097688390416519,0.0055923574920680955,152.0002274749383,-33.99986262123273
407671.2249217822,6237408.8829439655,120.08664954196857,0.01718268954531168,-0.007060121367358368,0.015793173488129947,152.0002271491857,-33.99986167500611
407671.2264519414,6237409.040584437,119.93875503672746,-0.06880772737650617,0.034677957657259555,-0.019744128080860956,152.00022718240814,-33.99986025361101
407671.27441721753,6237409.031879816,120.04349926734648,0.059541692026761926,0.01724634482377134,0.02691565383339223,152.00022770080625,-33.99986033632614
407671.117832012,6237409.108178593,119.94569660789155,-0.03716614510850659,0.09146637099406446,-0.07222739329243916,152.00022601352694,-33.999859634519474
407671.26636102016,6237409.154946547,119.99698361965059,0.035866136065204716,-0.044494145385433545,-0.025289807281726213,152.00022762658477,-33.999859225857655
407671.21459036524,6237409.119062554,120.04820859834234,-0.06680670521213569,0.012851267815794345,0.013711302866591047,152.00022706227503,-33.999859544887414
407671.2849324782,6237409.309655684,119.93094606243729,0.015754615104811052,0.038809747277405424,0.061531145381811765,152.00022784400284,-33.999857832395584
407671.1026338859,6237409.20718481,120.05178503594499,-0.0015057227181814621,0.01394060303612343,0.0021620835090337166,152.00022585943805,-33.99985874038924
407671.3410418957,6237409.390654754,120.0182545319944,-0.015772316672597257,0.07795004163312633,-0.009447032900826003,152.00022846005479,-33.99985710692047
407671.25532386353,6237409.37797674,120.03387655329504,-0.008174237056659286,-0.08389849866559315,-0.004656561153778851,152.00022753065022,-33.99985721370202
407671.27878345724,6237409.431659382,119.91306567794564,0.03600243202627819,0.027775860001271996,-0.022814902310987182,152.00022779031795,-33.999856731680865
407671.3118076236,6237409.423214357,119.93791124906568,0.012813837098981767,0.007543667390452094,-0.020382790906366514,152.00022814697678,-33.99985681074029
407671.2388656436,6237409.568577029,120.10639560115857,0.013462451571139384,-0.05355098035585477,0.007259409439810784,152.0002273725957,-33.99985549350739
407671.2433453254,6237409.557201842,120.09754845076316,0.06236979722417845,-0.025589315013464314,-0.03713962312956329,152.00022741989514,-33.99985559647786
407671.2291397765,6237409.621484113,120.00438631684773,-0.058177538939466665,0.026623428113990235,-0.024403193613146256,152.00022727288408,-33.99985501555964
407671.3656930945,6237409.672837717,120.01859761828298,-0.015776415013767905,-0.0715995111781275,-0.05362933864361312,152.0002287567661,-33.99985456449267
407671.18371111114,6237409.705894296,119.97911153551125,0.021769755583206096,-0.02259188467601275,-0.016452294265072255,152.0002267899484,-33.999854250389554
407671.3183791578,6237409.827591339,120.03114903935283,-0.008553970396215495,0.0007446597154426428,-0.0039514420753080795,152.00022826085083,-33.999853164831684
407671.2221902936,6237409.820873983,120.02735362791424,-0.010310078914307559,0.010777380403121936,0.010130963071176651,152.0002272187089,-33.99985321694133
407671.2179164629,6237409.935331824,119.97743901344597,-0.03952464947867076,-0.005009042803269477,0.05030787561560145,152.00022718452934,-33.99985218443674
407671.21997366246,6237410.008230747,120.05613189258759,-0.00762324417276469,0.052367765553919386,0.039432080216946795,152.00022721450466,-33.99985152724859
407671.3270778444,6237409.994750609,120.0041697054313,-0.0029342352867659204,0.001471901737506089,-0.00805263111185199,152.00022837269225,-33.99985165823122
407671.22951393115,6237410.009844765,120.00136985833272,-0.03912527760035956,0.01944177836644846,-0.017021237073262696,152.00022731796722,-33.99985151353361
407671.27816729044,6237410.06916697,119.9490305821779,-0.002745812060668215,-0.005333244297805456,-0.025882179097786586,152.00022785100245,-33.99985098287446
407671.28807439085,6237410.10248355,120.02606511694208,0.01950879166971821,-0.06299950716799162,-0.00830857399864776,152.0002279617862,-33.999850683312566
407671.2206813883,6237410.166553345,119.98936682250024,-0.052634323555242814,0.007634334613255589,-0.017533455966993787,152.00022723889472,-33.999850099629995
407671.3503737158,6237410.295405381,119.95687001863257,0.016856012286653194,0.04146067128780686,0.018886377340828563,152.00022865668112,-33.99984894911381
407671.20715141395,6237410.235997925,119.97201093872002,0.0481441311078766,-0.01939318667965602,0.0263892699721684,152.00022709974348,-33.99984947221989
407671.25763502915,6237410.356745818,120.01016712978753,-0.12181365262271591,-0.08335582372643444,0.006100836050155913,152.00022765908474,-33.99984838781299
407671.2552372752,6237410.352466477,119.93439820067927,0.03602620142899259,0.0034422531356749103,0.05677751338730512,152.00022763267225,-33.99984842619114
407671.2657726261,6237410.469961398,120.05890226991367,-0.031725113572713,-0.03849675709404922,0.02907315221880622,152.00022775915187,-33.999847367602705
407671.2762092298,6237410.385332914,119.95555262436008,-0.01669719283521808,0.0003978262941327109,-0.00046033306915313553,152.0002278632071,-33.999848131662105
407671.17532041454,6237410.570097834,119.98605454807245,-0.017189696394686052,0.020624654247956963,0.06714810281907971,152.0002267904101,-33.99984645665849
407671.1888437486,6237410.5436800495,120.0120191794511,-0.005104766998361036,0.00900152037900934,-0.049050620791767356,152.0002269340354,-33.99984669607202
407671.29582076514,6237410.724688364,119.97000407814456,0.03948036307888781,0.014060630347598605,-0.0246036014316202,152.00022811139473,-33.99984507323546
407671.26262664807,6237410.744765748,120.00669271879958,0.03893456462082899,0.07387434693716555,-0.010635393992895365,152.00022775412492,-33.99984488926577
407671.30816043867,6237410.748843777,119.9212784059468,0.023467483621318758,-0.018667239861711486,0.030970589314304506,152.0002282475479,-33.99984485649885
407671.31791241444,6237410.885648668,120.00738088292579,0.03744478262170615,-0.01866624816419152,0.0004660271639798756,152.00022836758615,-33.99984362371299
407671.2865814129,6237410.809506244,119.98798267322682,0.010130606971701098,0.019319265002264836,-0.03162359916325263,152.0002280203221,-33.99984430757352
407671.2608016629,6237410.942095012,120.02165273709869,0.003198546935640165,0.024118109069175234,0.0451523853595137,152.00022775521467,-33.999843109680015
407671.1436245308,6237410.972557505,119.91167137032444,-0.040446513086449386,0.014824350960737458,-0.018003230899832814,152.00022648976213,-33.99984282467188
407671.2221232523,6237411.002066412,120.07905107389739,-0.03665306394890751,0.007402106138296128,-0.05412411087611764,152.00022734278167,-33.99984256548172
407671.2496826794,6237411.0207847515,120.0354162158194,0.005448582984425421,0.016235859539760655,-0.024483858282395337,152.00022764314392,-33.99984239911346
407671.2203618894,6237411.134419881,120.02660353130169,0.006476774387431079,0.0032601170107959924,0.0022557612749040663,152.00022733769526,-33.99984137182362
407671.2925642187,6237411.128563274,120.01532884302945,-0.03678043595178708,-0.014017000109577989,-0.021623417636371156,152.00022811880754,-33.99984143098946
407671.33887432655,6237411.14118881,119.9894191168155,0.06521688561563263,-0.0028371074974161857,0.02123655655153378,152.00022862153875,-33.99984132121331
407671.2955528403,6237411.220092233,120.02349785132688,-0.004769933274348848,0.018823624961638773,-0.014618610195745549,152.00022816083566,-33.99984060588611
407671.25259893434,6237411.295766528,119.97647759865538,-0.05052023630418439,-0.008512057066897439,0.03452607341123168,152.0002277037712,-33.99983991971004
407671.17619558825,6237411.324311644,120.0083982680832,-0.004898381116051495,-0.017724444395890927,0.053230354801667344,152.00022687957187,-33.999839655579905
407671.2694059543,6237411.375817744,120.05618465882509,-0.026176645949831955,-0.017724870373495,-0.012318900463359702,152.00022789419776,-33.99983919932372
407671.2758761241,6237411.445887581,119.99513096734046,0.052205725517496894,0.028345180992427898,-0.01134528726867734,152.00022797165317,-33.999838568035294
407671.31111662363,6237411.536484178,120.08454322985179,-0.03182829849831653,-0.039108962439791804,-0.025711828790058715,152.00022836277225,-33.999837754177655
407671.27626950183,6237411.601741221,119.99622400430192,-0.002337750116173323,0.056469912528096494,0.015678749298346544,152.00022799237894,-33.999837162652994
407671.3284543489,6237411.674560853,120.05134436337356,-0.0014470283459937696,0.04243385248839112,-0.048369517843949654,152.0002285650754,-33.99983651059096
407671.3109781684,6237411.642637822,119.96414393001827,0.042967055616517244,0.004518146939703193,0.06423319282590889,152.00022837248886,-33.999836796920405
407671.2517774941,6237411.669649508,119.980698172176,-0.03164773324550247,-0.009332057485268283,0.01149792917647142,152.00022773438002,-33.999836548131846
407671.28786932473,6237411.78706095,119.89071076417814,0.050897059713147605,-0.008266025123948277,0.04077386948314921,152.00022813754953,-33.99983549254509
407671.26657003973,6237411.757309569,120.08692158615796,0.0517888141910268,0.041067345607296996,0.008443759597167711,152.00022790379987,-33.999835758955165
407671.2653690247,6237411.823633989,119.97942011141586,0.023787262951362975,-0.03335166279973731,0.00144478261333813,152.00022789780402,-33.99983516076615
407671.2349282291,6237411.829996973,120.08127825527593,-0.039904872647568014,0.0030165840569499184,0.021923669091728132,152.00022756889533,-33.99983510070896
407671.23624620173,6237411.922856285,119.9582751316398,0.0005349132731528057,-0.00750843358658015,-0.022115180380444154,152.000227592976,-33.99983426346207
407671.2137454449,6237411.979631659,120.07877698172138,-0.009196208046909267,0.022240130981846615,-0.005964817884618402,152.00022735536,-33.99983374950768
407671.3519149595,6237411.859327901,119.9996703173665,-0.011364134259785616,0.055395802708912895,-0.009264100619669013,152.00022883860373,-33.99983484651059
407671.2095451963,6237411.974863565,119.94519921114404,-0.002530613672494158,-0.038014444784051526,-0.04325799309216389,152.00022730938036,-33.99983379213457
407671.2058678955,6237412.230244071,120.03056240476927,-0.02457304499836645,-0.01590078319172652,-0.003672138760278763,152.0002272965486,-33.99983148890622
407671.2194931311,6237412.208841332,120.00434839601513,0.05976857247030287,0.0031795256739400113,0.002455247851685164,152.000227441807,-33.999831683105334
407671.33154976316,6237412.325924071,120.09655762054777,0.03916996355161066,-0.01239795914417115,-0.011952373756366179,152.0002286674088,-33.99983063716739
407671.273840067,6237412.264372426,119.9751941539832,-0.04178982888589839,0.07280555770933461,0.006502104807856207,152.00022803608564,-33.9998311871337
407671.2534991689,6237412.407611264,120.00331177862289,0.0009604847604614453,0.03669084690627989,0.002318562621106019,152.00022783098962,-33.99982989368133
407671.2344455853,6237412.310344846,119.91419403614066,-0.00907775797686677,0.003395506185369547,-0.022156636863014674,152.0002276144208,-33.99983076910879
407671.1996378413,6237412.448223205,119.86684192969653,-0.031081533345669828,0.02834150526479891,0.036367686319826044,152.00022725212662,-33.99982952272173
407671.28129531216,6237412.469546127,119.9720181468264,-0.013314689397739487,0.04928760551016459,0.045376269676504884,152.00022813848076,-33.999829337627034
407671.22991162725,6237412.489358242,120.02426082210746,-0.037668260919889264,-0.07364372193663264,-0.006935556437130014,152.00022758424547,-33.99982915444879
407671.3354725197,6237412.619034987,120.03864406502892,-0.03482260367580292,0.05761623219394115,-0.01152546618131545,152.00022874084883,-33.99982799437225
407671.2748853185,6237412.63638793,119.97091368378216,0.07097398966227049,-0.015405183683914523,0.01691764852980429,152.0002280867077,-33.999827832559795
407671.2292608543,6237412.72588145,119.98241608843487,0.01809717294676495,0.03775492128776437,0.0344123477312697,152.00022760218937,-33.999827021533285
407671.1868300148,6237412.751295153,119.96709591059769,0.05312593809417253,0.012352255830218203,-0.009269859578525217,152.00022714547794,-33.9998267886303
407671.2468200625,6237412.795434741,119.98398750545356,0.027864596309210295,0.0014857174019676104,-0.06075879229307596,152.00022779965065,-33.999826395878635
407671.2668170328,6237412.862249336,119.94070372661186,-0.04136975711738341,-0.021067006238056123,-0.006630744718359271,152.0002280232161,-33.999825795134825
407671.32045430003,6237412.915272406,120.08233011199175,-0.0325918806400894,0.03549102285542576,-0.016268375312942587,152.00022860954616,-33.99982532171695
407671.2289369354,6237412.962851818,120.0091757423972,-0.07461881485444719,-0.027234023799530778,0.02160138706494403,152.00022762371933,-33.99982488461425
407671.2088262013,6237413.004791057,119.89126313104565,0.008917307140363267,-0.007414879267341603,0.014121574525965427,152.00022741041252,-33.99982450465565
407671.3263414926,6237412.970199401,120.00291517685865,-0.0013398805136545422,-0.023340423178753258,0.008420867028158219,152.0002286790898,-33.99982482692847
407671.26995512866,6237413.102721073,120.08874131484708,0.017218925308322655,-0.004094641903514774,-0.02180297567332058,152.00022808259905,-33.99982362694669
407671.12778997613,6237413.115689395,120.02348180532289,-0.005407634013120424,-0.04635350320511532,-0.02796365366909962,152.00022654475444,-33.999823497494084
407671.2303374767,6237413.213320196,119.9939872049836,-0.05713074081274323,-0.01392057807134603,-0.01626192869097311,152.00022766534607,-33.99982262612807
407671.2781629078,6237413.228414483,120.04276806251983,0.004664018994614515,0.017629580830267534,0.0031041264200764185,152.00022818474434,-33.9998224942232
407671.21648624673,6237413.3547864705,120.00674385780094,0.018897934840910093,0.03876249947169694,-0.03149379667355737,152.0002275303261,-33.99982134923095
407671.29601121123,6237413.380707952,120.05402385597108,0.007792012055516436,0.035328945856679374,-0.06718870709575973,152.00022839407748,-33.999821122480874
407671.1055044336,6237413.34563376,119.96539851496325,0.0363011668914153,0.012124462567958544,0.03865460884900922,152.00022632776475,-33.99982142199977
407671.2005371586,6237413.355380998,119.95090361619314,-0.03280680940695673,-0.01491442073032617,0.03875658569463443,152.00022735770898,-33.999821342466284
407671.2594565501,6237413.479735571,119.8770602221284,-0.005105773812766534,-0.021402916978216474,-0.0035299686128985267,152.00022800876482,-33.99982022627833
407671.2143825311,6237413.575723207,120.06252441291132,-0.02301142003725798,-0.009237443404013612,0.00263526112539284,152.0002275308923,-33.99981935673926
407671.3052383325,6237413.582880467,120.04332624976578,0.027283130604211118,-0.028389412564461,0.04228455946029323,152.00022851533953,-33.999819300193444
407671.22158509877,6237413.602452931,120.01978648151226,0.073900790090762,0.03978413512708214,-0.007353323546266998,152.00022761169825,-33.999819116336624
407671.2922975323,6237413.636186963,120.11424865412864,-0.002943000693575849,-0.021118349657384832,0.06980956033130394,152.00022838086224,-33.999818818361064
407671.1938639969,6237413.847628066,120.02117148902747,0.013979008317537135,0.015354229210417621,-0.006898118222456903,152.00022733746724,-33.99981690301986
407671.2512627166,6237413.893628919,120.03489532740728,0.015495420694627957,0.0018079952689708232,-0.06126404745077612,152.00022796378036,-33.99981649325614
407671.2472498276,6237413.8604273815,120.04577801265292,0.015317007285587119,0.01850155667212871,-0.055830530071630746,152.0002279168251,-33.999816792299306
407671.2725229058,6237413.912712596,119.87138241226795,0.06610539914894933,0.018840295822927875,0.02165601312884092,152.00022819597956,-33.99981632303909
407671.2560314161,6237414.017421034,120.00407862912238,-0.021013876376573752,0.02323546807728442,0.014001030135647942,152.00022802849,-33.99981537737503
407671.24207339075,6237413.968606283,120.00159814132392,-0.033101994050273274,0.045777049787031565,0.06934897950712872,152.0002278722097,-33.999815816335875
407671.294568942,6237414.070106462,120.02628260238671,0.008776708731838502,-0.029508057409516748,0.019585437588872694,152.00022845130022,-33.99981490567311
407671.2621798502,6237414.088506331,119.94312252615308,0.015166239022912819,0.002439666650848992,0.008890539219220422,152.00022810256928,-33.999814736901335
407671.2464805292,6237414.183322192,120.07106761029905,0.053443954513684236,0.05234997635928572,-0.010601636522739752,152.00022794261128,-33.999813880513706
407671.2030957701,6237414.2169044,120.00364545210125,0.04521584948136721,0.031276442590094405,-0.056878384340212404,152.00022747643493,-33.999813573866945
407671.2657137472,6237414.246958099,119.99385513846067,-0.009732346030625609,0.04521993214969821,0.0318278435046717,152.00022815757174,-33.99981330836663
407671.2199379483,6237414.324385974,120.00255107176741,-0.026498023657102087,0.05214192628748006,-0.037874541722685874,152.00022767014022,-33.999812606129275
407671.20940013544,6237414.342197184,120.03641740007295,0.009299818383705728,-0.035338838951666424,-0.04646794528107251,152.00022755792972,-33.99981244458861
407671.2190136794,6237414.350488129,119.97940843049633,-0.004623079433564651,0.027308821152914275,-0.018002670535391688,152.000227662891,-33.999812370670625
407671.24181546783,6237414.462547222,119.92929918255773,0.01946682269871009,-0.002466856523991641,-0.017939899181270307,152.00022792160433,-33.999811362179415
407671.22483437834,6237414.4958182955,120.05647206001905,-0.017396564525016783,-0.039972940062660556,-0.007102069887902989,152.00022774126623,-33.99981106066178
407671.2165983906,6237414.489627171,119.97489332099047,0.00029982211849300836,-0.011063412202820611,0.04492043978303592,152.0002276514415,-33.999811115765766
407671.278721054,6237414.537998107,119.98346851491922,0.04372369159798593,0.0028092669442765727,-0.003254617676120255,152.00022832915087,-33.999810685045404
407671.19795798307,6237414.595285329,119.8799359124728,0.028262832674395628,0.04047738811181651,-0.018755532707545944,152.00022746078605,-33.99981016134846
407671.1874088986,6237414.689452472,119.97810709930553,0.0020626162005283775,-0.0356256483194527,0.00044300605976035787,152.0002273565209,-33.999809311263874
407671.3236050352,6237414.66340849,119.90112335463546,-0.004691469509803427,-0.004743688459730502,0.024547089019957353,152.00022882835754,-33.999809558101525
407671.22941348347,6237414.761075499,120.03569076001196,0.0009572840493900618,0.003555295345693529,0.03656594838467277,152.0002278188696,-33.99980866909643
407671.21916322794,6237414.872844204,119.9595983926288,-0.008646516448988778,-0.013998494678773715,-0.01878835874376494,152.0002277196995,-33.9998076603153
407671.24292628723,6237414.88831392,119.98264165016533,-0.015127447211525294,0.0253987007118835,0.07905498386960809,152.00022797861533,-33.99980752290757
407671.30609833106,6237414.95752177,119.97120207133214,0.08270568507930698,0.014974621664664256,0.0022640982200279407,152.00022866988778,-33.999806904381764
407671.2279309987,6237414.963156094,119.96400766936046,-0.05179404361183412,0.10069652456211095,0.06243653860016454,152.00022782416954,-33.99980684669547
407671.25529311463,6237415.163768185,120.00097250014485,-0.018828523577081396,-0.025633042883674493,-0.03149572083721361,152.00022814161326,-33.99980504007507
407671.20504400413,6237415.03313238,120.05501702188313,-0.0035840662256287656,0.06628553320017465,-0.004157105133207218,152.00022758376662,-33.9998062136673
407671.198551828,6237415.174510385,120.08853651273549,0.01529711402919399,0.0044585382326590515,0.015876147014751523,152.0002275284134,-33.99980493821373
407671.3067838348,6237415.125140671,119.96770744910478,0.0033002009839074235,-0.02212696539230785,0.1278699633708236,152.00022869501936,-33.99980539293141
407671.26749525033,6237415.195393378,120.0837657632066,0.022737284058619356,0.02444316763249201,-0.04307909042014995,152.0002282770665,-33.99980475596729
407671.1654248791,6237415.366430602,119.96612723466058,-0.06309861404090752,0.0025173711546361724,0.011665027578157355,152.00022719002698,-33.99980320464979
407671.2324261593,6237415.401738303,120.00207933669802,-0.052584959939395014,-0.03361974835227072,-0.03577903486613909,152.00022791917664,-33.99980289215701
407671.2201767653,6237415.454688458,120.06676756714761,-0.008087843308297623,0.04137763333647911,0.008028461787449362,152.00022779214754,-33.99980241359878
407671.24708936224,6237415.4490551185,119.95607729490628,-0.026699598583918318,0.03510415787877193,0.005135819207323326,152.00022808293357,-33.999802466765914
407671.1511308393,6237415.526421859,120.08354528963565,-0.0005532468855488594,0.0196927701774212,-0.03889454287139065,152.00022705217,-33.999801760663864
407671.18758282287,6237415.5802078415,119.96621341512665,0.007053764357996336,-0.019866529796222093,-0.010178214244386632,152.00022745251638,-33.99980127885413
407671.27995333535,6237415.560252904,119.97264524980022,0.003537450401225193,0.01842714978350014,-0.04110163091504005,152.00022845049858,-33.99980146692701
407671.25919879944,6237415.61770563,120.0134337254587,0.031165973473766987,0.03173150639055258,0.025281757333863945,152.00022823186046,-33.99980094701823
407671.247686256,6237415.6720972825,120.00774058350297,-0.022247779351630737,0.036267330487529774,-0.008101570244595478,152.0002281129615,-33.99980045552607
407671.1075635621,6237415.823200375,120.02832277004764,0.018297110603719708,-1.287709008956562e-05,-0.00792069181531766,152.0002266118255,-33.99979908061696
407671.2356030517,6237415.7642203225,119.98559044873605,0.004453139183666033,-0.06264066361199425,-0.018505190714645445,152.00022799187056,-33.999799623739285
407671.1716563259,6237415.837139468,120.03577115555117,-0.025386114800025207,0.03762709935927598,0.08458215889764728,152.0002273072271,-33.99979896056058
407671.31892367406,6237415.897135451,120.11971418588098,-0.009920877084852188,0.04649466357985969,0.031496057600396435,152.00022890802143,-33.99979843250337
407671.31683532853,6237415.9646810535,120.00274528079245,-0.016593843427069085,-0.018871599051428965,-0.05333022128926956,152.00022889254754,-33.99979782322421
407671.3305828106,6237416.027579696,119.97350728562547,-0.01359731852984221,-0.007411024170735875,-0.03102135640535393,152.0002290480363,-33.99979725724273
407671.3319937888,6237416.049923966,119.99211405414574,0.008004831514515733,-0.026070108012848862,0.09209080509498237,152.00022906567364,-33.999797055876485
407671.15902548336,6237416.191184581,119.97676314337608,0.014862498096378131,-0.05159674007796794,-0.04759125329419084,152.00022720788016,-33.99979576683198
407671.3105688368,6237416.159287266,120.09453604778301,0.017045303371180803,-0.03978205482897089,-0.02808407279188001,152.00022884526157,-33.99979606780283
407671.2316532041,6237416.191550575,119.84040164069593,-0.021903118846412172,-0.03250357673069288,-0.07821582456775585,152.00022799425514,-33.99979576992267
407671.1876456289,6237416.234329686,119.98264838207622,0.030210574243786734,0.03303723846866935,0.03880105441565835,152.00022752230737,-33.99979538028764
407671.330856665,6237416.36394688,119.96523173677502,0.002879879831377416,0.0400658497088555,0.02917466008527172,152.00022908653997,-33.99979422406119
407671.261244075,6237416.334709728,120.07884680809411,0.0416745769722877,0.011670410542522184,-0.006782035006725527,152.00022832975927,-33.999794481582754
407671.18809299904,6237416.348980982,120.06827099687933,-0.0038711551883813694,-0.03896240730454795,0.06294160179241026,152.00022753926444,-33.99979434645399
407671.2638966374,6237416.535333413,120.00585100413649,-0.030849484741313667,0.03344218972673794,0.020862949118470177,152.00022837967524,-33.99979267268343
407671.22579423693,6237416.520284861,120.02102263240374,0.017808542807546474,-0.019270760571528628,0.07405662953783314,152.0002279655527,-33.99979280503146
407671.25672566815,6237416.62682578,119.9758729321154,-0.03138463170420764,-0.03477278145490276,0.03512408135369277,152.0002283117021,-33.99979184701601
407671.24388246314,6237416.624150104,120.03268082369405,-0.07495132212277729,0.03776853855056832,-0.015264122544394,152.00022817236675,-33.99979187001386
407671.33092039183,6237416.591507141,120.03888382777184,0.032142463542897834,-0.03525924909694492,-0.01329485935840145,152.0002291112727,-33.99979217203231
407671.3149818457,6237416.779143409,120.01977336481161,0.029108864537503786,0.060608398425242974,-0.048286728279734153,152.00022895853152,-33.99979047861161
407671.2290935293,6237416.6924542105,120.07114728119407,-0.022849300230251748,-0.045260545452255996,-0.012481111980370389,152.00022801946443,-33.99979125277724
407671.17804914323,6237416.789224779,120.01506981792616,-0.053707950396108046,0.023234076427354058,0.008330466869266306,152.00022747703395,-33.99979037565267
407671.1711409207,6237416.871136063,119.98740321407773,0.0340255325782062,0.05575672169306086,-0.09590814786309136,152.0002274108933,-33.99978963640623
407671.2615329114,6237416.942443491,120.04564737868873,-0.06036679655669097,-0.0021601618929180293,0.06223008648681256,152.0002283970963,-33.99978900134268
407671.31409254746,6237416.988926385,120.05757643856255,-0.0033724923277035235,0.04570705951708491,-0.004034842730027491,152.00022897106763,-33.99978858680628
407671.27367568196,6237417.0205082,119.92982624675754,-0.05326159022264008,-0.012245757342834169,0.009766668394039259,152.00022853681327,-33.99978829845932
407671.2786246711,6237416.922938015,119.99662186153249,-0.01143612785466682,-0.0409842137993256,0.008659158760761712,152.00022858008697,-33.99978917873818
407671.14163138915,6237417.16765933,119.9756001005752,-0.04753995225469408,-0.04946021385212712,0.0497995895332861,152.0002271227243,-33.999786959898074
407671.289682439,6237417.126138794,120.00135586284817,-0.0320816011726824,-0.047267365942526576,0.01209912801749154,152.00022872127786,-33.99978734733942
407671.21874221845,6237417.202267899,120.0829659610158,-0.04345826343721351,-0.012636702346861135,-0.03644531697708461,152.00022796125546,-33.99978665459936
407671.1836246683,6237417.253913535,119.984976110807,-0.05061813499371894,0.024158466006478786,0.019466749423928443,152.00022758649632,-33.99978618579236
407671.26182066306,6237417.24641381,119.96588090105918,-0.029584964464810334,0.04842825258449317,-0.09317071525423722,152.0002284323276,-33.9997862603025
407671.22166542883,6237417.389993826,119.98047497943077,-0.04198964248344768,-0.04551558065090086,0.04374128943149822,152.00022801273897,-33.99978496202994
407671.273761129,6237417.412790346,119.98511100331567,0.05009245338492027,0.0025311488406966373,-0.0045309324630363025,152.00022857918475,-33.99978476104561
407671.1492308327,6237417.444481045,120.01659914684863,-0.01716282613520632,-0.026784818017264032,-0.024067356710058063,152.00022723425053,-33.999784464315006
407671.35778417834,6237417.501343401,120.16528987236157,0.04828244277138163,-0.016648431547362303,-0.0006607392361346211,152.00022949825356,-33.99978396990842
407671.2596753971,6237417.615724642,120.00727161599707,-0.010163370665600096,0.007040648597105312,0.06483452090359806,152.00022844812023,-33.99978292983732
407671.3080600298,6237417.653514829,120.00160637622524,-0.03298038711758223,0.014260216066153554,-0.016260444086708396,152.0002289759706,-33.99978259332038
407671.192212247,6237417.649692082,119.9544603212242,-0.0096721124351401,0.019097996502612572,-0.004995915249228993,152.00022772128935,-33.999782617597866
407671.29737875075,6237417.689475865,120.03592569562795,0.04334473904777346,0.014767032593085785,-0.008721798301458182,152.00022886412444,-33.99978226810026
407671.29988607863,6237417.731777763,120.03695716657747,-0.07092489870519518,-0.048032476306442785,-0.05462795218696202,152.00022889574052,-33.99978188686171
407671.32180906314,6237417.73971998,119.94067857957174,-0.023039530301341354,-0.04838986936349012,0.033566636798041984,152.00022913393855,-33.999781817171595
407671.2636340908,6237417.927245906,120.04972044868451,0.02282408368993989,-0.03440037242671785,0.0950998217972208,152.00022852389438,-33.999780121029204
407671.20851125463,6237418.0414483715,119.98419636247239,0.008957161098559157,-0.011000944683978504,0.004104659749342902,152.00022793914857,-33.999779086352845
407671.24607463664,6237418.066689145,119.92416960815586,-0.011413302531523386,0.018488816465234263,-0.0395980212114741,152.00022834851197,-33.99977886204857
407671.29214635806,6237417.979274867,120.05362076980441,0.02864035819711463,0.017643866916390704,0.005368924009211836,152.00022883809217,-33.99977965436479
407671.3177790329,6237418.011031078,119.95705420554641,-0.0018756171681703958,-0.0061794164123050496,-0.002500409816017766,152.00022911897085,-33.99977937025739
407671.2906770464,6237418.054312153,119.93520818582975,-0.0005196932921391158,-0.029997136790813,0.01765268987752083,152.000228830112,-33.99977897758353
407671.2929241469,6237418.149300873,119.95975335745659,-0.021416529018603067,0.03630727543688523,-0.04425715903037421,152.00022886447724,-33.999778121216366
407671.2757012543,6237418.102687171,119.98575539392141,0.06732761412401458,0.012997753724612584,-0.027590187776737583,152.000228673081,-33.99977854004189
407671.2306872867,6237418.197311916,119.95130424139728,0.020086120967712652,0.003645418935061803,-0.006237471538908121,152.0002281957149,-33.99977768279803
407671.1548794997,6237418.301166749,120.02671825778016,-0.032143807294631545,-0.02732754120487102,0.053970966397706994,152.00022738592108,-33.99977673961168
407671.3021907179,6237418.40539252,119.98990860313432,0.04109450254101166,-0.02817584172184176,-0.037499818179133323,152.00022899186305,-33.99977581271428
407671.21537881606,6237418.447525281,120.00026299281352,-0.004381769664372027,0.006169334921918687,0.011295725605245418,152.0002280564071,-33.999775425141074
407671.2298812499,6237418.349542054,119.97507209464476,-0.019076072304377464,0.026829537418501206,-0.028970487529522537,152.00022820307177,-33.999776309985236
407671.29764520295,6237418.494102709,119.89878933456733,0.01688443059836322,-0.041037585517972805,0.005237632849798538,152.00022895202164,-33.999775012366335
407671.2396661397,6237418.516794513,120.00442715406274,0.04616156084128509,-0.047687720256120246,-0.010332063361457682,152.00022832668316,-33.99977480264001
407671.14149289904,6237418.521630382,120.08584805903638,-0.05291943995688635,0.001998811005241072,-0.0665989561185621,152.0002272642781,-33.999774750393335
407671.2738692319,6237418.605414497,119.97890183755942,0.02746542805355633,0.02856972640463123,-0.036758458358899626,152.00022870636116,-33.999774006515246
407671.226359357,6237418.712637616,119.88227871193297,0.056032518071559206,0.02077405344815742,-0.02332804086936112,152.0002282033031,-33.99977303544538
407671.29731581034,6237418.738950915,119.98994741237944,0.05396734458937479,0.06783278853133266,0.007978065595716783,152.0002289743246,-33.99977280440807
407671.2065969203,6237418.719452805,120.07636881500873,0.010608430555523286,0.0028516640672325124,-0.017725103103039368,152.00022799005637,-33.99977297225008
407671.23596763785,6237418.821944367,120.03335932722575,0.03339881197184542,-0.011681957401163005,0.005388335758071244,152.00022831888012,-33.999772050612535
407671.2393281501,6237418.853661844,120.00439205381151,0.033984811928219276,0.06250517493572975,-0.008517109653483563,152.0002283586153,-33.999771764894525
407671.1764965068,6237418.963429018,119.92009832385259,-0.011172556227076327,-0.007935930708220023,-0.03334536611688827,152.00022768993813,-33.99977076953527
407671.2684003404,6237419.038215782,120.0601359641148,0.013401030111522414,0.05116025000678168,-0.03584385153471518,152.00022869287713,-33.999770103229686
407671.192555111,6237419.06298292,119.94642930521115,0.0366757440914188,0.022368763170734503,0.009982696803479933,152.000227874322,-33.99976987321676
407671.2472556194,6237419.121471132,120.02057451196657,-0.025070454093074793,-0.041249737935636493,0.005406508554688192,152.00022847274076,-33.99976935061027
407671.20050915354,6237419.097550157,120.10496825268802,-0.03363518400712889,0.0059584061010526474,-0.004165880352311522,152.00022796409215,-33.99976956220513
407671.20333752915,6237419.153434406,119.98037166587861,-0.0005445857249930539,-0.022619277091352932,-0.010446171622580575,152.00022800061924,-33.99976905851538
407671.30592540774,6237419.311623926,120.01291738084572,0.00722632126015959,0.010191800510406844,0.03251522073900936,152.0002291280456,-33.999767641062014
407671.3449896778,6237419.222696605,119.92851905630368,0.05434311059813417,-0.053775521088288494,-0.014814356662267603,152.0002295415966,-33.99976844640553
407671.21775992453,6237419.246159717,119.94396043138445,-0.044322470076261083,-0.07854912276885845,-0.020748753913023298,152.00022816656647,-33.99976822363002
407671.2092309152,6237419.402758544,119.95749974891376,0.020808815787277963,0.01525495383075829,0.022279985169101787,152.0002280907688,-33.99976681074279
407671.1946167213,6237419.41276417,120.01428007013138,0.010995239594494041,-0.05837674067816001,0.03501095672984725,152.0002279335989,-33.999766719230614
407671.19958440424,6237419.432705868,120.00645349543416,-0.07535136112822609,-0.01687999232523869,0.022273272039047748,152.00022798949064,-33.999766539842625
407671.28901090554,6237419.492193781,119.99575885020306,0.0682164608355802,0.026716354204144987,-0.03420100647095986,152.00022896399125,-33.999766011277096
407671.271944493,6237419.586552521,120.00502623920305,-0.03393089760233487,-0.00840547142880449,-0.02822994042331889,152.00022878918364,-33.999765158891286
407671.27169986244,6237419.623576784,119.93366770720883,0.0030724120440499022,0.035797733390457054,-0.025461958706487785,152.00022879044678,-33.99976482500186
407671.21759984107,6237419.684762234,119.95742687068388,0.05251515327296415,-0.009997541221952906,-0.019207640338410374,152.00022821117355,-33.99976426849876
407671.27187274833,6237419.737422161,120.04383937354449,-0.00443762057392879,-0.04727421217633816,0.011066034281233391,152.00022880434688,-33.99976379841145
407671.2341429485,6237419.838687398,119.97689292411854,-0.016640382000381242,0.0111463027505442,-0.01812414492452802,152.00022840654768,-33.99976288192767
407671.1780482384,6237419.818733803,119.93827174250737,-0.004034439915029852,0.024373893153218577,-0.06522659858405006,152.0002277971054,-33.99976305692389
407671.25967847777,6237419.967107368,119.93543117897957,0.004275212188339217,0.024576204605089632,-0.0733450782092214,152.00022869658744,-33.9997617261421
407671.23514079273,6237419.917377963,120.03019429729314,-0.033417135220678705,0.003908191686732683,-0.019720993800880524,152.00022842566528,-33.999762172419906
407671.2818700749,6237419.933747055,120.02993980118077,0.004366218621850147,0.03216807890671199,0.022009782241321683,152.0002289333299,-33.99976202892296
407671.28285339783,6237420.114575603,120.01311544350811,-0.028434302396845603,0.004901619352629763,-0.012037241911685367,152.0002289630816,-33.99976039838023
407671.265933883,6237420.087601824,120.04025722986006,0.010467205560758497,0.06277168881569638,0.07825282310988814,152.00022877704512,-33.99976064012858
407671.144629302,6237420.136228326,120.01699407540968,0.03056477052051383,0.06926270428244446,0.03597268874228209,152.00022746882524,-33.9997601909625
407671.2366230224,6237420.151127503,120.08144969507023,-0.0916530546829612,0.02645392272958733,-0.03901299164697321,152.00022846640994,-33.99976006470373
407671.25364359363,6237420.352847866,119.95925005901066,0.023461534886104512,-0.004332814067722866,0.013405380183950242,152.0002286720033,-33.99975824717939
407671.3339534679,6237420.316230519,120.00593511836647,-0.014424660356843583,-0.002353620141156793,0.07244249163056304,152.0002295376447,-33.999758584444955
407671.3004285377,6237420.3414384015,119.95553158529695,-0.02652881053602276,-0.0007965242233967639,0.05261964713551826,152.00022917733563,-33.99975835418169
407671.31952503737,6237420.469617481,120.05602657456882,-0.018355233951541948,-0.0010232996999212697,0.04089230003535503,152.00022939763494,-33.99975720000173
407671.2944855793,6237420.428588473,120.01336655548863,0.02812501501871075,0.03093135421777701,-0.008440538806878612,152.00022912219933,-33.99975756777917
407671.3571835447,6237420.453554918,119.98575443872542,0.028371744856107127,0.07018677964043635,0.03228616660227805,152.00022980366424,-33.999757348160436
407671.2220337299,6237420.542498585,119.97244770156965,0.006251787932895108,0.0031231138148949864,0.0013757101355236605,152.0002283498026,-33.99975653421424
407671.25630378263,6237420.474866143,120.01478747483887,-0.07978310580812129,-0.0374943280252377,0.04880763916982944,152.00022871369674,-33.99975714710839
407671.27680484025,6237420.646434092,119.97804854697414,0.030756925657538306,0.03803176259788956,0.061574276974898146,152.00022895378734,-33.99975560179102
407671.2520422047,6237420.772366165,119.94413130931028,0.02052734373072153,-0.015023580029282991,0.015135386904144777,152.00022869898905,-33.999754464014046
407671.28922304267,6237420.818996916,120.02713656883964,-0.025051748672534797,-0.020068474120892438,0.028857215740552177,152.00022910647047,-33.999754046791054
407671.24474029447,6237420.776931562,120.01439691096675,0.009244686057833145,-0.051725675600868604,-0.00310726107337142,152.00022862041405,-33.999754422202834
407671.2016347514,6237420.758268461,119.98071426517093,-0.0436632986699449,-0.05047721088556893,0.013584414280106248,152.0002281517411,-33.999754586704995
407671.28923173744,6237420.862179395,120.03831878505525,0.0406836912332485,-0.055060410423255664,0.08384102589987966,152.00022911112703,-33.99975365739194
407671.2353623753,6237420.978219588,120.01296815317465,0.008531647718026423,-0.028217006302567096,0.014811745299849592,152.00022854014685,-33.99975260625411
407671.20520908886,6237421.109089904,120.0395689032889,-0.06888854902830623,0.04935735631058012,-0.01926933575681597,152.00022822750606,-33.99975142347196
407671.3943743247,6237421.086271961,119.99281402945195,0.0333219249396928,-0.03765206848949464,-0.07873475201982687,152.00023027317576,-33.999751645879776
407671.226222395,6237421.0404691845,120.07106919538253,0.03715770433334936,0.06834473925996615,0.07679832115998388,152.00022844776575,-33.999752044111396
407671.2856648221,6237421.194111792,120.00624889219678,-0.010506342928129537,0.005880127927068484,-0.05576805308744658,152.00022910757832,-33.99975066386329
407671.1916375823,6237421.230015456,119.96588146532393,-0.012784642797180893,-0.022669370581912467,0.03444915103463952,152.0002280933445,-33.999750331826306
407671.2924292925,6237421.238437672,120.00279778139304,0.020590830730824003,0.05854659162675137,-0.03518796596087257,152.00022918550005,-33.999750264748
407671.30088060204,6237421.386485007,120.06152017916793,-0.041760749115738884,0.029213294870127818,-0.0064496714037462,152.00022929264367,-33.99974893046844
407671.2330030503,6237421.3234979585,119.98229881723427,-0.02768733486762594,-0.008312502292279481,0.026310836292560542,152.00022855108273,-33.999749492483836
407671.25021601556,6237421.4249543175,120.03145065559086,-0.046823751314227176,0.053966861499815395,-0.034504729178143005,152.00022874816574,-33.999748579111426
407671.20534482674,6237421.465086947,120.03817245697287,0.006050651380940044,0.026659813241682605,0.035076433823016784,152.00022826658832,-33.99974821326515
407671.2442767264,6237421.489252314,119.99551688375556,0.02178865716195918,0.02017690252361516,-0.06573979067173573,152.00022869065478,-33.999747998778815
407671.2481924488,6237421.494183026,119.92352026857141,0.0017857116603394617,0.06661687630494814,-0.019638745654766986,152.00022873357102,-33.99974795466047
407671.1723290784,6237421.574142335,119.99057030755421,-0.01755937686079856,-0.011715990703790983,0.07803350640018372,152.00022792065099,-33.999747226948166
407671.31958339765,6237421.624532296,119.97538149720361,-0.005133957982458848,0.004575853930549337,-0.049327258210602784,152.0002295202884,-33.99974678551251
407671.2622818452,6237421.690505238,119.98644922688919,-0.03308342809258422,0.043544094139520505,0.05092267456416343,152.00022890685833,-33.99974618555626
407671.23352173035,6237421.749839046,119.989736177636,0.014090121964722016,0.016345440628461133,0.07376389324564626,152.00022860174317,-33.999745647980255
407671.25153469434,6237421.832403091,119.95100578838661,0.01753399684100579,0.05983329030032763,0.026508418195332478,152.00022880549167,-33.99974490504051
407671.2628598056,6237421.803402981,119.99603680552798,0.02047726173282955,0.019354722277234063,-0.036990280139857855,152.00022892504398,-33.999745167546834
407671.3368500101,6237421.854379584,120.09201965122288,0.03751066927955177,-0.045713403464073994,-0.029578392943645896,152.00022973151727,-33.99974471437404
407671.2860233853,6237421.870284957,120.06355134415627,0.048075535696662,0.051379255079704235,0.07491170578740099,152.000229182901,-33.99974456647404
407671.1897365454,6237421.978223604,119.9357512477345,0.07107482467344534,0.019408937376423296,-0.008467943568454291,152.0002281518135,-33.99974358465963
407671.3664277707,6237422.138741752,120.00375968625906,-0.017443987554970997,-0.0071549063254956365,-0.03860899409260447,152.0002300817979,-33.99974215272863
407671.3186076851,6237422.08379968,119.93794879030689,-0.021821169773533478,0.010300683171877045,0.042527026388136054,152.00022955824792,-33.9997426439631
407671.2972758128,6237422.24696168,120.14384277047876,-0.04305876688960346,0.034780040537897405,0.06265679732569947,152.0002293445278,-33.99974117076556
407671.2863691704,6237422.158160058,120.04045817770421,-0.023887015052596182,0.006228790117810948,0.02741615393116491,152.00022921706,-33.99974197057828
407671.2511381012,6237422.2484606905,120.0578836497967,-0.02272098494367066,-0.019221936752102736,0.005117984683019123,152.00022884515604,-33.99974115318817
407671.22363303526,6237422.1964293765,120.02524901197472,0.019283849327286728,-0.045112958180897354,-0.022043982911699338,152.0002285418631,-33.99974161996242
407671.2162913391,6237422.313895502,119.98520933129808,-0.03688704601678843,-0.03456891718828027,0.015237472543689609,152.00022847478579,-33.9997405600605
407671.2760045377,6237422.446511094,120.05609886821009,0.01365918661938243,0.014992719048247135,-0.003441190509660725,152.00022913530827,-33.99973936944825
407671.2436944479,6237422.374604639,120.01631583901434,0.06676669430736391,0.001100173985929815,-0.028304190588575653,152.00022877789172,-33.99974001502463
407671.2882296578,6237422.562467405,119.99752051401067,-0.010413637982178064,-0.05376017575017062,-0.06148301420056248,152.00022927992015,-33.999738324882976
407671.3153952017,6237422.5298202215,119.97198584544957,-0.06353849978289895,-0.041567979911093754,-0.007954420069724603,152.0002295705905,-33.999738621670865
407671.2386970165,6237422.557173902,120.08316660165299,0.018118572913807977,0.02309101368209612,0.01572639179366669,152.00022874307405,-33.99973836825863
407671.2432571454,6237422.690433951,119.98718451295667,0.034054003668216995,-0.015818941172592794,-0.016489571820883436,152.00022880652577,-33.999737166981646
407671.28573639994,6237422.705492337,120.01613317230454,-0.07037543040837453,-0.04536771684136496,-0.027271558938814618,152.00022926803697,-33.99973703493005
407671.273742168,6237422.729008047,120.036477418543,-0.04068182393818711,-0.04605141537022697,-0.04453735202954474,152.0002291406607,-33.999736821820655
407671.352684973,6237422.8693810925,119.9483557250201,-0.03145819223153368,0.024617171397258702,-0.021541798566854974,152.0002300102005,-33.999735562947386
407671.2598717098,6237422.889146495,119.93496506951247,-0.05939178177799082,0.035961932009277525,0.030188753781494663,152.00022900740544,-33.999735376544706
407671.26967731875,6237422.98928528,120.06755915891011,-0.011547887930176108,-0.025345689938657615,-0.012144228448516536,152.00022912415022,-33.999734474401734
407671.33229189273,6237423.017060683,119.93297531797796,0.046179630396355295,0.021209910788381036,-0.03702762573176702,152.00022980500887,-33.99973422944575
407671.25185598014,6237423.044518644,120.02097465261829,0.010316529742723969,0.016499409056964925,0.019248972859438655,152.00022893703536,-33.99973397476427
407671.23423138243,6237422.987250892,120.0281184087909,0.009615546878636593,-0.013432165636382947,-0.04679053174022418,152.00022874016435,-33.99973448962776
407671.24183939677,6237423.015366186,120.05271671982177,0.014293204111632771,0.03573983443214473,0.006227457695143969,152.00022882550635,-33.99973423676637
407671.277993521,6237423.104087033,119.97117320566807,0.025501603412421962,0.01759044092602068,0.022746988278813402,152.0002292263185,-33.99973343990376
407671.2672124644,6237423.202127754,119.94881148715781,-0.027034294753462924,0.006997717638130455,-0.0406892112176966,152.0002291199511,-33.999732554868615
407671.26898147713,6237423.289054031,119.91033304408721,-0.012116907431324235,-0.03648184393070687,-0.018634155838107385,152.00022914828818,-33.999731771162814
407671.28076542245,6237423.332066796,119.99633508889188,0.08052170780857644,0.03174374340355231,0.007532519768610931,152.0002292804167,-33.99973138433028
407671.2743076319,6237423.360304335,120.00148224896668,0.051180196589914254,-0.04731934328028879,-0.0064187995875853235,152.00022921348204,-33.99973112912878
407671.3040115833,6237423.336776445,120.05532036809221,0.034217366621278424,0.01232920631660977,-0.0036280322522553826,152.000229532599,-33.99973134390642
407671.25170686626,6237423.409501679,120.06661255090495,-0.03957882312442477,0.02438609493742179,0.04130959191099812,152.00022897398287,-33.9997306835008
407671.3626009492,6237423.4588486,120.03310881644059,-0.03680630839399008,0.02729208060144922,0.04201498391234985,152.00023017983978,-33.99973024827117
407671.21392117767,6237423.576753023,120.03623909052688,0.012894590060114577,-0.03402259733175822,-0.02981590730338243,152.00022858255045,-33.99972917197951
407671.17733674473,6237423.684612966,120.02045421836952,0.09101829330816996,-0.014906134695770594,-0.0034125951052494784,152.00022819784897,-33.999728196128466
407671.26485504984,6237423.714573797,119.89972847292175,0.013632104769179174,0.002428974640510688,-0.01725777713821406,152.00022914856956,-33.99972793365676
407671.2945472031,6237423.659990825,119.98049805092049,-0.05582348162423611,0.019801790977240025,0.03353264563729174,152.0002294642777,-33.9997284284739
407671.2931821322,6237423.770960184,120.00299206215678,-0.028909520865815528,0.07250424290682064,0.04497509060007682,152.00022946122255,-33.99972742768278
407671.29691694106,6237423.764285983,119.97858406908938,0.009147991246733326,-0.03209566943205418,0.02536997624440184,152.00022950095394,-33.99972748819633
407671.2380890903,6237423.782630143,119.9977521609295,0.01017898143457671,-0.029795612853719688,-0.0220309996282622,152.00022886596668,-33.99972731760037
407671.19841182843,6237423.927810418,119.98641918703595,0.042423782514210015,-0.003727999211720171,-0.03951624520987033,152.0002284517224,-33.99972600493947
407671.3227383985,6237424.031349569,120.02359160436657,0.0360083452415002,0.03151210357917204,-0.024398597253177154,152.00022980873754,-33.99972508221108
407671.1890515985,6237424.020646706,119.95698068309622,0.04647617516581058,-0.0033242594364493233,0.015254356508107355,152.00022836018832,-33.99972516696053
407671.42595533497,6237424.1078516375,120.00674112211644,0.00043163277604087494,-0.01687176335817053,-0.005577666212286451,152.00023093434345,-33.99972440143315
407671.31893875543,6237424.057395319,120.00143244528047,-0.031290951071463326,-0.0005110217397370784,0.011089034209727124,152.00022977035087,-33.99972484700803
407671.27195094805,6237424.111716116,119.98893558718035,-0.009064190708724646,-0.03255447019386782,0.01142708538784341,152.00022926735613,-33.99972435303311
407671.2671257967,6237424.204207008,119.9664597223055,-0.0014347868330301685,0.04476161429042805,-0.02194519357682867,152.00022922488657,-33.99972351856787
407671.20686454524,6237424.208721032,119.96809737021738,0.003304267479317759,0.08601320606542433,0.07578362146212346,152.00022857291881,-33.99972347255964
